0.998979;8.68341e-07;0.999089;0.99359;
0.998979;8.68193e-07;0.999089;0.993589;
0.998979;8.68044e-07;0.999089;0.993589;
0.998979;8.67895e-07;0.999089;0.993589;
0.998979;8.67747e-07;0.999089;0.993589;
0.998979;8.6745e-07;0.999089;0.993588;
0.998979;8.67301e-07;0.999089;0.993588;
0.998979;8.67153e-07;0.999089;0.993588;
0.998979;8.67005e-07;0.999089;0.993588;
0.998979;8.66857e-07;0.999089;0.993588;
0.998979;8.66708e-07;0.999089;0.993587;
0.998979;8.6656e-07;0.999089;0.993587;
0.998979;8.66264e-07;0.999089;0.993587;
0.998978;8.66116e-07;0.999089;0.993587;
0.998978;8.65968e-07;0.999089;0.993586;
0.998978;8.6582e-07;0.999089;0.993586;
0.998978;8.65673e-07;0.999089;0.993586;
0.998978;8.65525e-07;0.999089;0.993586;
0.998978;8.65377e-07;0.999089;0.993586;
0.998978;8.6523e-07;0.999089;0.993585;
0.998978;8.65082e-07;0.999089;0.993585;
0.998978;8.64934e-07;0.999089;0.993585;
0.998978;8.64787e-07;0.999089;0.993585;
0.998978;8.64639e-07;0.999089;0.993585;
0.998978;8.64492e-07;0.999089;0.993584;
0.998978;8.64345e-07;0.999089;0.993584;
0.998978;8.64197e-07;0.999089;0.993584;
0.998978;8.6405e-07;0.999089;0.993584;
0.998978;8.63903e-07;0.999089;0.993584;
0.998978;8.63756e-07;0.999089;0.993583;
0.998978;8.63609e-07;0.999089;0.993583;
0.998978;8.63462e-07;0.999089;0.993583;
0.998978;8.63315e-07;0.999089;0.993583;
0.998978;8.63168e-07;0.999089;0.993583;
0.998978;8.63021e-07;0.999088;0.993582;
0.998978;8.62874e-07;0.999088;0.993582;
0.998978;8.62727e-07;0.999088;0.993582;
0.998978;8.6258e-07;0.999088;0.993582;
0.998978;8.62434e-07;0.999088;0.993582;
0.998978;8.62287e-07;0.999088;0.993581;
0.998978;8.62141e-07;0.999088;0.993581;
0.998978;8.61994e-07;0.999088;0.993581;
0.998978;8.61848e-07;0.999088;0.993581;
0.998978;8.61701e-07;0.999088;0.993581;
0.998978;8.61555e-07;0.999088;0.99358;
0.998978;8.61408e-07;0.999088;0.99358;
0.998978;8.61262e-07;0.999088;0.99358;
0.998978;8.61116e-07;0.999088;0.99358;
0.998978;8.6097e-07;0.999088;0.99358;
0.998978;8.60824e-07;0.999088;0.993579;
0.998978;8.60678e-07;0.999088;0.993579;
0.998978;8.60532e-07;0.999088;0.993579;
0.998978;8.60386e-07;0.999088;0.993579;
0.998977;8.6024e-07;0.999088;0.993579;
0.998977;8.60094e-07;0.999088;0.993578;
0.998977;8.59948e-07;0.999088;0.993578;
0.998977;8.59802e-07;0.999088;0.993578;
0.998977;8.59657e-07;0.999088;0.993578;
0.998977;8.59511e-07;0.999088;0.993578;
0.998977;8.59365e-07;0.999088;0.993577;
0.998977;8.5922e-07;0.999088;0.993577;
0.998977;8.59074e-07;0.999088;0.993577;
0.998977;8.58929e-07;0.999088;0.993577;
0.998977;8.58783e-07;0.999088;0.993576;
0.998977;8.58638e-07;0.999088;0.993576;
0.998977;8.58493e-07;0.999088;0.993576;
0.998977;8.58347e-07;0.999088;0.993576;
0.998977;8.58202e-07;0.999088;0.993576;
0.998977;8.58057e-07;0.999088;0.993575;
0.998977;8.57912e-07;0.999088;0.993575;
0.998977;8.57767e-07;0.999088;0.993575;
0.998977;8.57622e-07;0.999088;0.993575;
0.998977;8.57477e-07;0.999088;0.993575;
0.998977;8.57332e-07;0.999088;0.993574;
0.998977;8.57187e-07;0.999088;0.993574;
0.998977;8.57042e-07;0.999088;0.993574;
0.998977;8.56898e-07;0.999088;0.993574;
0.998977;8.56753e-07;0.999088;0.993574;
0.998977;8.56608e-07;0.999088;0.993573;
0.998977;8.56464e-07;0.999088;0.993573;
0.998977;8.56319e-07;0.999088;0.993573;
0.998977;8.56175e-07;0.999088;0.993573;
0.998977;8.5603e-07;0.999088;0.993573;
0.998977;8.55886e-07;0.999088;0.993572;
0.998977;8.55741e-07;0.999088;0.993572;
0.998977;8.55597e-07;0.999088;0.993572;
0.998977;8.55453e-07;0.999088;0.993572;
0.998977;8.55309e-07;0.999088;0.993572;
0.998977;8.55164e-07;0.999088;0.993571;
0.998977;8.5502e-07;0.999088;0.993571;
0.998977;8.54876e-07;0.999088;0.993571;
0.998977;8.54732e-07;0.999088;0.993571;
0.998976;8.54588e-07;0.999088;0.993571;
0.998976;8.54444e-07;0.999088;0.99357;
0.998976;8.54301e-07;0.999088;0.99357;
0.998976;8.54157e-07;0.999088;0.99357;
0.998976;8.54013e-07;0.999088;0.99357;
0.998976;8.53869e-07;0.999088;0.99357;
0.998976;8.53726e-07;0.999088;0.993569;
0.998976;8.53582e-07;0.999088;0.993569;
0.998976;8.53439e-07;0.999088;0.993569;
0.998976;8.53295e-07;0.999088;0.993569;
0.998976;8.53152e-07;0.999088;0.993569;
0.998976;8.53008e-07;0.999088;0.993568;
0.998976;8.52865e-07;0.999088;0.993568;
0.998976;8.52722e-07;0.999088;0.993568;
0.998976;8.52578e-07;0.999088;0.993568;
0.998976;8.52435e-07;0.999088;0.993568;
0.998976;8.52292e-07;0.999088;0.993567;
0.998976;8.52149e-07;0.999088;0.993567;
0.998976;8.52006e-07;0.999088;0.993567;
0.998976;8.51863e-07;0.999088;0.993567;
0.998976;8.5172e-07;0.999088;0.993567;
0.998976;8.51577e-07;0.999088;0.993566;
0.998976;8.51434e-07;0.999088;0.993566;
0.998976;8.51291e-07;0.999088;0.993566;
0.998976;8.51149e-07;0.999088;0.993566;
0.998976;8.51006e-07;0.999088;0.993566;
0.998976;8.50863e-07;0.999088;0.993565;
0.998976;8.50721e-07;0.999088;0.993565;
0.998976;8.50578e-07;0.999088;0.993565;
0.998976;8.50435e-07;0.999088;0.993565;
0.998976;8.50293e-07;0.999088;0.993564;
0.998976;8.50151e-07;0.999088;0.993564;
0.998976;8.50008e-07;0.999088;0.993564;
0.998976;8.49866e-07;0.999088;0.993564;
0.998976;8.49724e-07;0.999088;0.993564;
0.998976;8.49581e-07;0.999088;0.993563;
0.998976;8.49439e-07;0.999088;0.993563;
0.998976;8.49297e-07;0.999088;0.993563;
0.998976;8.49155e-07;0.999088;0.993563;
0.998975;8.49013e-07;0.999088;0.993563;
0.998975;8.48871e-07;0.999088;0.993562;
0.998975;8.48729e-07;0.999088;0.993562;
0.998975;8.48587e-07;0.999088;0.993562;
0.998975;8.48446e-07;0.999088;0.993562;
0.998975;8.48304e-07;0.999088;0.993562;
0.998975;8.48162e-07;0.999088;0.993561;
0.998975;8.4802e-07;0.999088;0.993561;
0.998975;8.47879e-07;0.999088;0.993561;
0.998975;8.47737e-07;0.999088;0.993561;
0.998975;8.47596e-07;0.999088;0.993561;
0.998975;8.47454e-07;0.999088;0.99356;
0.998975;8.47313e-07;0.999087;0.99356;
0.998975;8.47171e-07;0.999087;0.99356;
0.998975;8.4703e-07;0.999087;0.99356;
0.998975;8.46889e-07;0.999087;0.99356;
0.998975;8.46748e-07;0.999087;0.993559;
0.998975;8.46606e-07;0.999087;0.993559;
0.998975;8.46465e-07;0.999087;0.993559;
0.998975;8.46324e-07;0.999087;0.993559;
0.998975;8.46183e-07;0.999087;0.993559;
0.998975;8.46042e-07;0.999087;0.993558;
0.998975;8.45901e-07;0.999087;0.993558;
0.998975;8.4576e-07;0.999087;0.993558;
0.998975;8.45619e-07;0.999087;0.993558;
0.998975;8.45479e-07;0.999087;0.993558;
0.998975;8.45338e-07;0.999087;0.993557;
0.998975;8.45197e-07;0.999087;0.993557;
0.998975;8.45057e-07;0.999087;0.993557;
0.998975;8.44916e-07;0.999087;0.993557;
0.998975;8.44775e-07;0.999087;0.993557;
0.998975;8.44635e-07;0.999087;0.993556;
0.998975;8.44495e-07;0.999087;0.993556;
0.998975;8.44354e-07;0.999087;0.993556;
0.998975;8.44214e-07;0.999087;0.993556;
0.998975;8.44073e-07;0.999087;0.993556;
0.998975;8.43933e-07;0.999087;0.993555;
0.998975;8.43793e-07;0.999087;0.993555;
0.998975;8.43653e-07;0.999087;0.993555;
0.998974;8.43513e-07;0.999087;0.993555;
0.998974;8.43373e-07;0.999087;0.993555;
0.998974;8.43233e-07;0.999087;0.993554;
0.998974;8.43093e-07;0.999087;0.993554;
0.998974;8.42953e-07;0.999087;0.993554;
0.998974;8.42813e-07;0.999087;0.993554;
0.998974;8.42673e-07;0.999087;0.993553;
0.998974;8.42533e-07;0.999087;0.993553;
0.998974;8.42394e-07;0.999087;0.993553;
0.998974;8.42254e-07;0.999087;0.993553;
0.998974;8.42114e-07;0.999087;0.993553;
0.998974;8.41975e-07;0.999087;0.993552;
0.998974;8.41835e-07;0.999087;0.993552;
0.998974;8.41696e-07;0.999087;0.993552;
0.998974;8.41556e-07;0.999087;0.993552;
0.998974;8.41417e-07;0.999087;0.993552;
0.998974;8.41277e-07;0.999087;0.993551;
0.998974;8.41138e-07;0.999087;0.993551;
0.998974;8.40999e-07;0.999087;0.993551;
0.998974;8.4086e-07;0.999087;0.993551;
0.998974;8.40721e-07;0.999087;0.993551;
0.998974;8.40582e-07;0.999087;0.99355;
0.998974;8.40442e-07;0.999087;0.99355;
0.998974;8.40303e-07;0.999087;0.99355;
0.998974;8.40164e-07;0.999087;0.99355;
0.998974;8.40026e-07;0.999087;0.99355;
0.998974;8.39887e-07;0.999087;0.993549;
0.998974;8.39748e-07;0.999087;0.993549;
0.998974;8.39609e-07;0.999087;0.993549;
0.998974;8.3947e-07;0.999087;0.993549;
0.998974;8.39332e-07;0.999087;0.993549;
0.998974;8.39193e-07;0.999087;0.993548;
0.998974;8.39055e-07;0.999087;0.993548;
0.998974;8.38916e-07;0.999087;0.993548;
0.998974;8.38778e-07;0.999087;0.993548;
0.998974;8.38639e-07;0.999087;0.993548;
0.998974;8.38501e-07;0.999087;0.993547;
0.998974;8.38362e-07;0.999087;0.993547;
0.998974;8.38224e-07;0.999087;0.993547;
0.998973;8.38086e-07;0.999087;0.993547;
0.998973;8.37948e-07;0.999087;0.993547;
0.998973;8.3781e-07;0.999087;0.993546;
0.998973;8.37671e-07;0.999087;0.993546;
0.998973;8.37533e-07;0.999087;0.993546;
0.998973;8.37395e-07;0.999087;0.993546;
0.998973;8.37257e-07;0.999087;0.993546;
0.998973;8.3712e-07;0.999087;0.993545;
0.998973;8.36982e-07;0.999087;0.993545;
0.998973;8.36844e-07;0.999087;0.993545;
0.998973;8.36706e-07;0.999087;0.993545;
0.998973;8.36568e-07;0.999087;0.993544;
0.998973;8.36431e-07;0.999087;0.993544;
0.998973;8.36293e-07;0.999087;0.993544;
0.998973;8.36156e-07;0.999087;0.993544;
0.998973;8.36018e-07;0.999087;0.993544;
0.998973;8.35881e-07;0.999087;0.993543;
0.998973;8.35743e-07;0.999087;0.993543;
0.998973;8.35606e-07;0.999087;0.993543;
0.998973;8.35468e-07;0.999087;0.993543;
0.998973;8.35331e-07;0.999087;0.993543;
0.998973;8.35194e-07;0.999087;0.993542;
0.998973;8.35057e-07;0.999087;0.993542;
0.998973;8.34919e-07;0.999087;0.993542;
0.998973;8.34782e-07;0.999087;0.993542;
0.998973;8.34645e-07;0.999087;0.993542;
0.998973;8.34508e-07;0.999087;0.993541;
0.998973;8.34371e-07;0.999087;0.993541;
0.998973;8.34234e-07;0.999087;0.993541;
0.998973;8.34098e-07;0.999087;0.993541;
0.998973;8.33961e-07;0.999087;0.993541;
0.998973;8.33824e-07;0.999087;0.99354;
0.998973;8.33687e-07;0.999087;0.99354;
0.998973;8.33551e-07;0.999087;0.99354;
0.998973;8.33414e-07;0.999087;0.99354;
0.998973;8.33277e-07;0.999087;0.99354;
0.998973;8.33141e-07;0.999087;0.993539;
0.998973;8.33004e-07;0.999087;0.993539;
0.998973;8.32868e-07;0.999087;0.993539;
0.998972;8.32731e-07;0.999087;0.993539;
0.998972;8.32595e-07;0.999087;0.993539;
0.998972;8.32459e-07;0.999087;0.993538;
0.998972;8.32323e-07;0.999087;0.993538;
0.998972;8.32186e-07;0.999087;0.993538;
0.998972;8.3205e-07;0.999086;0.993538;
0.998972;8.31914e-07;0.999086;0.993538;
0.998972;8.31778e-07;0.999086;0.993537;
0.998972;8.31642e-07;0.999086;0.993537;
0.998972;8.31506e-07;0.999086;0.993537;
0.998972;8.3137e-07;0.999086;0.993537;
0.998972;8.31234e-07;0.999086;0.993537;
0.998972;8.31098e-07;0.999086;0.993536;
0.998972;8.30962e-07;0.999086;0.993536;
0.998972;8.30827e-07;0.999086;0.993536;
0.998972;8.30691e-07;0.999086;0.993536;
0.998972;8.30555e-07;0.999086;0.993535;
0.998972;8.3042e-07;0.999086;0.993535;
0.998972;8.30284e-07;0.999086;0.993535;
0.998972;8.30149e-07;0.999086;0.993535;
0.998972;8.30013e-07;0.999086;0.993535;
0.998972;8.29878e-07;0.999086;0.993534;
0.998972;8.29742e-07;0.999086;0.993534;
0.998972;8.29607e-07;0.999086;0.993534;
0.998972;8.29472e-07;0.999086;0.993534;
0.998972;8.29337e-07;0.999086;0.993534;
0.998972;8.29201e-07;0.999086;0.993533;
0.998972;8.29066e-07;0.999086;0.993533;
0.998972;8.28931e-07;0.999086;0.993533;
0.998972;8.28796e-07;0.999086;0.993533;
0.998972;8.28661e-07;0.999086;0.993533;
0.998972;8.28526e-07;0.999086;0.993532;
0.998972;8.28391e-07;0.999086;0.993532;
0.998972;8.28256e-07;0.999086;0.993532;
0.998972;8.28122e-07;0.999086;0.993532;
0.998972;8.27987e-07;0.999086;0.993532;
0.998972;8.27852e-07;0.999086;0.993531;
0.998972;8.27717e-07;0.999086;0.993531;
0.998972;8.27583e-07;0.999086;0.993531;
0.998971;8.27448e-07;0.999086;0.993531;
0.998971;8.27314e-07;0.999086;0.993531;
0.998971;8.27179e-07;0.999086;0.99353;
0.998971;8.27045e-07;0.999086;0.99353;
0.998971;8.2691e-07;0.999086;0.99353;
0.998971;8.26776e-07;0.999086;0.99353;
0.998971;8.26642e-07;0.999086;0.99353;
0.998971;8.26507e-07;0.999086;0.993529;
0.998971;8.26373e-07;0.999086;0.993529;
0.998971;8.26239e-07;0.999086;0.993529;
0.998971;8.26105e-07;0.999086;0.993529;
0.998971;8.25971e-07;0.999086;0.993529;
0.998971;8.25837e-07;0.999086;0.993528;
0.998971;8.25703e-07;0.999086;0.993528;
0.998971;8.25569e-07;0.999086;0.993528;
0.998971;8.25435e-07;0.999086;0.993528;
0.998971;8.25301e-07;0.999086;0.993528;
0.998971;8.25167e-07;0.999086;0.993527;
0.998971;8.25033e-07;0.999086;0.993527;
0.998971;8.249e-07;0.999086;0.993527;
0.998971;8.24766e-07;0.999086;0.993527;
0.998971;8.24632e-07;0.999086;0.993526;
0.998971;8.24499e-07;0.999086;0.993526;
0.998971;8.24365e-07;0.999086;0.993526;
0.998971;8.24232e-07;0.999086;0.993526;
0.998971;8.24098e-07;0.999086;0.993526;
0.998971;8.23965e-07;0.999086;0.993525;
0.998971;8.23832e-07;0.999086;0.993525;
0.998971;8.23698e-07;0.999086;0.993525;
0.998971;8.23565e-07;0.999086;0.993525;
0.998971;8.23432e-07;0.999086;0.993525;
0.998971;8.23299e-07;0.999086;0.993524;
0.998971;8.23166e-07;0.999086;0.993524;
0.998971;8.23032e-07;0.999086;0.993524;
0.998971;8.22899e-07;0.999086;0.993524;
0.998971;8.22766e-07;0.999086;0.993524;
0.998971;8.22633e-07;0.999086;0.993523;
0.998971;8.22501e-07;0.999086;0.993523;
0.99897;8.22368e-07;0.999086;0.993523;
0.99897;8.22235e-07;0.999086;0.993523;
0.99897;8.22102e-07;0.999086;0.993523;
0.99897;8.21969e-07;0.999086;0.993522;
0.99897;8.21837e-07;0.999086;0.993522;
0.99897;8.21704e-07;0.999086;0.993522;
0.99897;8.21572e-07;0.999086;0.993522;
0.99897;8.21439e-07;0.999086;0.993522;
0.99897;8.21307e-07;0.999086;0.993521;
0.99897;8.21174e-07;0.999086;0.993521;
0.99897;8.21042e-07;0.999086;0.993521;
0.99897;8.20909e-07;0.999086;0.993521;
0.99897;8.20777e-07;0.999086;0.993521;
0.99897;8.20645e-07;0.999086;0.99352;
0.99897;8.20513e-07;0.999086;0.99352;
0.99897;8.2038e-07;0.999086;0.99352;
0.99897;8.20248e-07;0.999086;0.99352;
0.99897;8.20116e-07;0.999086;0.99352;
0.99897;8.19984e-07;0.999086;0.993519;
0.99897;8.19852e-07;0.999086;0.993519;
0.99897;8.1972e-07;0.999086;0.993519;
0.99897;8.19588e-07;0.999086;0.993519;
0.99897;8.19456e-07;0.999086;0.993518;
0.99897;8.19325e-07;0.999086;0.993518;
0.99897;8.19193e-07;0.999086;0.993518;
0.99897;8.19061e-07;0.999086;0.993518;
0.99897;8.18929e-07;0.999086;0.993518;
0.99897;8.18798e-07;0.999086;0.993517;
0.99897;8.18666e-07;0.999086;0.993517;
0.99897;8.18535e-07;0.999086;0.993517;
0.99897;8.18403e-07;0.999086;0.993517;
0.99897;8.18272e-07;0.999086;0.993517;
0.99897;8.1814e-07;0.999086;0.993516;
0.99897;8.18009e-07;0.999086;0.993516;
0.99897;8.17878e-07;0.999086;0.993516;
0.99897;8.17746e-07;0.999086;0.993516;
0.99897;8.17615e-07;0.999086;0.993516;
0.99897;8.17484e-07;0.999086;0.993515;
0.998969;8.17353e-07;0.999085;0.993515;
0.998969;8.17222e-07;0.999085;0.993515;
0.998969;8.17091e-07;0.999085;0.993515;
0.998969;8.1696e-07;0.999085;0.993515;
0.998969;8.16829e-07;0.999085;0.993514;
0.998969;8.16698e-07;0.999085;0.993514;
0.998969;8.16567e-07;0.999085;0.993514;
0.998969;8.16436e-07;0.999085;0.993514;
0.998969;8.16305e-07;0.999085;0.993514;
0.998969;8.16174e-07;0.999085;0.993513;
0.998969;8.16044e-07;0.999085;0.993513;
0.998969;8.15913e-07;0.999085;0.993513;
0.998969;8.15782e-07;0.999085;0.993513;
0.998969;8.15652e-07;0.999085;0.993513;
0.998969;8.15521e-07;0.999085;0.993512;
0.998969;8.15391e-07;0.999085;0.993512;
0.998969;8.1526e-07;0.999085;0.993512;
0.998969;8.1513e-07;0.999085;0.993512;
0.998969;8.15e-07;0.999085;0.993512;
0.998969;8.14869e-07;0.999085;0.993511;
0.998969;8.14739e-07;0.999085;0.993511;
0.998969;8.14609e-07;0.999085;0.993511;
0.998969;8.14479e-07;0.999085;0.993511;
0.998969;8.14349e-07;0.999085;0.99351;
0.998969;8.14219e-07;0.999085;0.99351;
0.998969;8.14089e-07;0.999085;0.99351;
0.998969;8.13959e-07;0.999085;0.99351;
0.998969;8.13829e-07;0.999085;0.99351;
0.998969;8.13699e-07;0.999085;0.993509;
0.998969;8.13569e-07;0.999085;0.993509;
0.998969;8.13439e-07;0.999085;0.993509;
0.998969;8.13309e-07;0.999085;0.993509;
0.998969;8.13179e-07;0.999085;0.993509;
0.998969;8.1305e-07;0.999085;0.993508;
0.998969;8.1292e-07;0.999085;0.993508;
0.998969;8.12791e-07;0.999085;0.993508;
0.998969;8.12661e-07;0.999085;0.993508;
0.998969;8.12532e-07;0.999085;0.993508;
0.998969;8.12402e-07;0.999085;0.993507;
0.998968;8.12273e-07;0.999085;0.993507;
0.998968;8.12143e-07;0.999085;0.993507;
0.998968;8.12014e-07;0.999085;0.993507;
0.998968;8.11885e-07;0.999085;0.993507;
0.998968;8.11755e-07;0.999085;0.993506;
0.998968;8.11626e-07;0.999085;0.993506;
0.998968;8.11497e-07;0.999085;0.993506;
0.998968;8.11368e-07;0.999085;0.993506;
0.998968;8.11239e-07;0.999085;0.993506;
0.998968;8.1111e-07;0.999085;0.993505;
0.998968;8.10981e-07;0.999085;0.993505;
0.998968;8.10852e-07;0.999085;0.993505;
0.998968;8.10723e-07;0.999085;0.993505;
0.998968;8.10594e-07;0.999085;0.993505;
0.998968;8.10465e-07;0.999085;0.993504;
0.998968;8.10337e-07;0.999085;0.993504;
0.998968;8.10208e-07;0.999085;0.993504;
0.998968;8.10079e-07;0.999085;0.993504;
0.998968;8.09951e-07;0.999085;0.993503;
0.998968;8.09822e-07;0.999085;0.993503;
0.998968;8.09693e-07;0.999085;0.993503;
0.998968;8.09565e-07;0.999085;0.993503;
0.998968;8.09436e-07;0.999085;0.993503;
0.998968;8.09308e-07;0.999085;0.993502;
0.998968;8.0918e-07;0.999085;0.993502;
0.998968;8.09051e-07;0.999085;0.993502;
0.998968;8.08923e-07;0.999085;0.993502;
0.998968;8.08795e-07;0.999085;0.993502;
0.998968;8.08667e-07;0.999085;0.993501;
0.998968;8.08538e-07;0.999085;0.993501;
0.998968;8.0841e-07;0.999085;0.993501;
0.998968;8.08282e-07;0.999085;0.993501;
0.998968;8.08154e-07;0.999085;0.993501;
0.998968;8.08026e-07;0.999085;0.9935;
0.998968;8.07898e-07;0.999085;0.9935;
0.998968;8.0777e-07;0.999085;0.9935;
0.998968;8.07643e-07;0.999085;0.9935;
0.998968;8.07515e-07;0.999085;0.9935;
0.998967;8.07387e-07;0.999085;0.993499;
0.998967;8.07259e-07;0.999085;0.993499;
0.998967;8.07132e-07;0.999085;0.993499;
0.998967;8.07004e-07;0.999085;0.993499;
0.998967;8.06876e-07;0.999085;0.993499;
0.998967;8.06749e-07;0.999085;0.993498;
0.998967;8.06621e-07;0.999085;0.993498;
0.998967;8.06494e-07;0.999085;0.993498;
0.998967;8.06366e-07;0.999085;0.993498;
0.998967;8.06239e-07;0.999085;0.993498;
0.998967;8.06112e-07;0.999085;0.993497;
0.998967;8.05984e-07;0.999085;0.993497;
0.998967;8.05857e-07;0.999085;0.993497;
0.998967;8.0573e-07;0.999085;0.993497;
0.998967;8.05603e-07;0.999085;0.993496;
0.998967;8.05476e-07;0.999085;0.993496;
0.998967;8.05349e-07;0.999085;0.993496;
0.998967;8.05222e-07;0.999085;0.993496;
0.998967;8.05095e-07;0.999085;0.993496;
0.998967;8.04968e-07;0.999085;0.993495;
0.998967;8.04841e-07;0.999085;0.993495;
0.998967;8.04714e-07;0.999085;0.993495;
0.998967;8.04587e-07;0.999085;0.993495;
0.998967;8.0446e-07;0.999085;0.993495;
0.998967;8.04333e-07;0.999085;0.993494;
0.998967;8.04207e-07;0.999085;0.993494;
0.998967;8.0408e-07;0.999085;0.993494;
0.998967;8.03954e-07;0.999085;0.993494;
0.998967;8.03827e-07;0.999085;0.993494;
0.998967;8.037e-07;0.999085;0.993493;
0.998967;8.03574e-07;0.999085;0.993493;
0.998967;8.03448e-07;0.999085;0.993493;
0.998967;8.03321e-07;0.999084;0.993493;
0.998967;8.03195e-07;0.999084;0.993493;
0.998967;8.03068e-07;0.999084;0.993492;
0.998967;8.02942e-07;0.999084;0.993492;
0.998967;8.02816e-07;0.999084;0.993492;
0.998966;8.0269e-07;0.999084;0.993492;
0.998966;8.02564e-07;0.999084;0.993492;
0.998966;8.02438e-07;0.999084;0.993491;
0.998966;8.02311e-07;0.999084;0.993491;
0.998966;8.02185e-07;0.999084;0.993491;
0.998966;8.0206e-07;0.999084;0.993491;
0.998966;8.01934e-07;0.999084;0.993491;
0.998966;8.01808e-07;0.999084;0.99349;
0.998966;8.01682e-07;0.999084;0.99349;
0.998966;8.01556e-07;0.999084;0.99349;
0.998966;8.0143e-07;0.999084;0.99349;
0.998966;8.01305e-07;0.999084;0.993489;
0.998966;8.01179e-07;0.999084;0.993489;
0.998966;8.01053e-07;0.999084;0.993489;
0.998966;8.00928e-07;0.999084;0.993489;
0.998966;8.00802e-07;0.999084;0.993489;
0.998966;8.00677e-07;0.999084;0.993488;
0.998966;8.00551e-07;0.999084;0.993488;
0.998966;8.00426e-07;0.999084;0.993488;
0.998966;8.003e-07;0.999084;0.993488;
0.998966;8.00175e-07;0.999084;0.993488;
0.999998;0.777724;0.99999;0.999955;
0.999963;0.379186;0.999902;0.998829;
0.999817;0.231208;0.999609;0.996546;
0.999411;0.166919;0.998925;0.993175;
0.998549;0.131281;0.997636;0.988767;
0.997;0.10898;0.995515;0.983437;
0.994523;0.0940381;0.992344;0.977321;
0.990869;0.0836101;0.987927;0.970562;
0.985798;0.0761764;0.982109;0.963317;
0.979095;0.0708623;0.974799;0.955747;
0.970592;0.0671381;0.965979;0.948024;
0.960191;0.0646696;0.955721;0.940319;
0.947891;0.06324;0.944177;0.932796;
0.9338;0.0627057;0.931574;0.925607;
0.91814;0.0629698;0.91819;0.918881;
0.901231;0.0639651;0.904326;0.912719;
0.883467;0.0656438;0.890283;0.907193;
0.865277;0.0679724;0.876335;0.902344;
0.847079;0.0709243;0.862712;0.898181;
0.829251;0.0744804;0.849594;0.894694;
0.8121;0.0786241;0.837104;0.891848;
0.795857;0.083343;0.825319;0.889597;
0.78067;0.0886256;0.814274;0.887889;
0.76661;0.0944616;0.803965;0.886661;
0.753688;0.100843;0.794366;0.885852;
0.741872;0.10776;0.785432;0.885403;
0.731092;0.115204;0.777107;0.885257;
0.72126;0.123165;0.769331;0.885362;
0.712277;0.131635;0.76204;0.885672;
0.704042;0.140599;0.755173;0.886144;
0.696454;0.150044;0.748673;0.886741;
0.689413;0.159951;0.742483;0.887431;
0.682835;0.170299;0.736557;0.888187;
0.676636;0.181064;0.730849;0.888983;
0.67075;0.19222;0.725324;0.889803;
0.665113;0.203734;0.71995;0.890628;
0.659674;0.215573;0.714699;0.891445;
0.65439;0.227702;0.70955;0.892244;
0.649222;0.240081;0.704486;0.893015;
0.644143;0.252669;0.699494;0.893753;
0.639125;0.265426;0.694562;0.89445;
0.634156;0.278312;0.689687;0.895106;
0.62922;0.291283;0.684865;0.895715;
0.624307;0.3043;0.680092;0.896278;
0.619413;0.317323;0.675371;0.896794;
0.614534;0.330315;0.670703;0.897262;
0.609674;0.343245;0.666097;0.897684;
0.604829;0.356077;0.661549;0.89806;
0.600006;0.368783;0.65707;0.898391;
0.595208;0.381336;0.652664;0.89868;
0.590438;0.393712;0.648337;0.898928;
0.585703;0.405892;0.644093;0.899137;
0.581008;0.417856;0.639939;0.899308;
0.576358;0.42959;0.635879;0.899444;
0.571761;0.441084;0.631921;0.899547;
0.567216;0.452324;0.628063;0.899618;
0.562731;0.463305;0.624312;0.899659;
0.558311;0.474023;0.62067;0.899672;
0.553957;0.484469;0.617142;0.899659;
0.549674;0.494647;0.613726;0.899621;
0.545467;0.504554;0.610429;0.899561;
0.541332;0.514186;0.607245;0.899477;
0.537275;0.523552;0.60418;0.899374;
0.533296;0.532651;0.601231;0.899252;
0.529394;0.541486;0.598398;0.899112;
0.525573;0.550064;0.595683;0.898954;
0.52183;0.558388;0.593081;0.898781;
0.518167;0.566464;0.590593;0.898594;
0.514579;0.574295;0.588215;0.898391;
0.51107;0.581892;0.585948;0.898176;
0.507634;0.589256;0.583786;0.897947;
0.504273;0.596396;0.581732;0.897707;
0.500985;0.603316;0.579779;0.897456;
0.497769;0.610027;0.577929;0.897194;
0.494624;0.616532;0.576178;0.896923;
0.491545;0.622838;0.574522;0.896642;
0.488535;0.628953;0.572963;0.896353;
0.485585;0.634879;0.571491;0.896056;
0.482698;0.640627;0.570109;0.89575;
0.479873;0.646201;0.568813;0.895437;
0.477103;0.651606;0.567599;0.895117;
0.474393;0.65685;0.566469;0.894791;
0.471734;0.661938;0.565416;0.894458;
0.46913;0.666873;0.564442;0.89412;
0.466576;0.671664;0.563541;0.893775;
0.464067;0.676313;0.562709;0.893425;
0.461609;0.680829;0.561949;0.893071;
0.459191;0.685211;0.561254;0.892711;
0.456816;0.689467;0.560624;0.892347;
0.454488;0.693604;0.560062;0.89198;
0.452198;0.697622;0.55956;0.891608;
0.449946;0.701528;0.559116;0.891233;
0.447726;0.705321;0.558728;0.890854;
0.445542;0.709011;0.558395;0.890471;
0.443395;0.712599;0.558118;0.890086;
0.441278;0.71609;0.557892;0.889698;
0.439192;0.719486;0.557718;0.889308;
0.437138;0.722791;0.557593;0.888915;
0.435108;0.726006;0.557514;0.888519;
0.433106;0.729136;0.557481;0.888121;
0.43113;0.732183;0.557493;0.887721;
0.429183;0.735152;0.557551;0.88732;
0.427257;0.738044;0.557648;0.886917;
0.425353;0.740862;0.557788;0.886513;
0.42347;0.743606;0.557964;0.886107;
0.421608;0.746282;0.558179;0.8857;
0.419765;0.748891;0.55843;0.885292;
0.417943;0.751434;0.558718;0.884882;
0.416137;0.753913;0.55904;0.884472;
0.41435;0.756332;0.559396;0.884061;
0.412577;0.758691;0.559784;0.883649;
0.410822;0.760993;0.560202;0.883236;
0.409082;0.76324;0.560652;0.882824;
0.407358;0.765433;0.561133;0.882411;
0.405648;0.767573;0.561642;0.881998;
0.403951;0.769663;0.56218;0.881584;
0.402267;0.771702;0.562744;0.881171;
0.400596;0.773693;0.563334;0.880757;
0.398935;0.775637;0.563948;0.880343;
0.397289;0.777537;0.56459;0.87993;
0.395651;0.779391;0.565254;0.879517;
0.394024;0.781202;0.56594;0.879104;
0.392406;0.78297;0.566648;0.87869;
0.3908;0.784697;0.567379;0.878278;
0.389202;0.786384;0.568131;0.877866;
0.387615;0.788032;0.568904;0.877455;
0.386038;0.789642;0.569697;0.877044;
0.384467;0.791213;0.570506;0.876633;
0.382906;0.792748;0.571336;0.876223;
0.381353;0.794247;0.572184;0.875815;
0.379808;0.795709;0.573048;0.875406;
0.378269;0.797138;0.573928;0.874998;
0.37674;0.798532;0.574825;0.874592;
0.375218;0.799894;0.575739;0.874186;
0.373703;0.801221;0.576665;0.873781;
0.372196;0.802516;0.577607;0.873377;
0.370699;0.803781;0.578564;0.872975;
0.369207;0.805012;0.579535;0.872573;
0.367723;0.806213;0.580518;0.872172;
0.366245;0.807383;0.581515;0.871772;
0.364773;0.808522;0.582522;0.871374;
0.36331;0.809632;0.583541;0.870977;
0.361853;0.810712;0.584572;0.870581;
0.360405;0.811762;0.585615;0.870187;
0.358964;0.812783;0.586668;0.869793;
0.35753;0.813774;0.587732;0.869401;
0.356101;0.814737;0.588803;0.869011;
0.354681;0.81567;0.589885;0.868622;
0.353267;0.816574;0.590975;0.868234;
0.351861;0.81745;0.592073;0.867847;
0.350461;0.818296;0.593178;0.867462;
0.34907;0.819114;0.594291;0.867079;
0.347686;0.819902;0.595412;0.866696;
0.346312;0.820663;0.596543;0.866317;
0.344946;0.821395;0.597679;0.865939;
0.34359;0.822098;0.598823;0.865562;
0.342241;0.822771;0.599971;0.865187;
0.3409;0.823415;0.601125;0.864814;
0.339567;0.824028;0.602285;0.864442;
0.338243;0.824612;0.603449;0.864072;
0.33693;0.825167;0.60462;0.863704;
0.335624;0.825691;0.605795;0.863338;
0.334329;0.826185;0.606974;0.862974;
0.333044;0.826648;0.608159;0.862612;
0.331771;0.82708;0.609348;0.862253;
0.330506;0.827479;0.61054;0.861895;
0.329255;0.827848;0.611736;0.861539;
0.32801;0.828182;0.612933;0.861185;
0.326778;0.828484;0.614135;0.860833;
0.325556;0.828753;0.615337;0.860484;
0.32435;0.828988;0.616544;0.860137;
0.323155;0.82919;0.617753;0.859793;
0.321974;0.829356;0.618964;0.859451;
0.320805;0.829488;0.620178;0.859112;
0.319647;0.829583;0.621392;0.858775;
0.318503;0.82964;0.622606;0.85844;
0.317375;0.829661;0.623822;0.858108;
0.31626;0.829645;0.62504;0.857779;
0.315162;0.829591;0.626261;0.857454;
0.314077;0.829497;0.627479;0.85713;
0.313009;0.829364;0.6287;0.85681;
0.311956;0.82919;0.62992;0.856493;
0.310919;0.828976;0.63114;0.856179;
0.3099;0.82872;0.63236;0.855867;
0.308897;0.828421;0.63358;0.855559;
0.307913;0.828079;0.634799;0.855254;
0.306946;0.827694;0.636019;0.854952;
0.305996;0.827265;0.637236;0.854654;
0.305066;0.826791;0.638452;0.854359;
0.304155;0.826272;0.639668;0.854068;
0.303263;0.825706;0.640882;0.85378;
0.302394;0.825094;0.642095;0.853495;
0.301546;0.824436;0.643308;0.853215;
0.300714;0.823729;0.644516;0.852938;
0.299906;0.822975;0.645724;0.852665;
0.29912;0.822172;0.646929;0.852396;
0.298357;0.82132;0.648131;0.85213;
0.297615;0.82042;0.649333;0.851869;
0.296893;0.819468;0.650528;0.851611;
0.296197;0.818467;0.651722;0.851357;
0.295523;0.817417;0.652911;0.851107;
0.294875;0.816317;0.6541;0.850862;
0.294248;0.815166;0.655284;0.850621;
0.293644;0.813964;0.65646;0.850382;
0.293064;0.812713;0.657634;0.850148;
0.292509;0.811412;0.658802;0.849917;
0.29198;0.810061;0.659966;0.849691;
0.291478;0.808662;0.661127;0.849469;
0.290999;0.807213;0.662282;0.849251;
0.290547;0.805718;0.663434;0.849038;
0.29012;0.804176;0.664579;0.848829;
0.289717;0.802586;0.665718;0.848623;
0.289339;0.800951;0.666851;0.848421;
0.288987;0.79927;0.667977;0.848223;
0.288657;0.797545;0.669096;0.848029;
0.288354;0.795777;0.670209;0.847838;
0.288072;0.793965;0.671312;0.84765;
0.287816;0.792115;0.672408;0.847466;
0.287585;0.790227;0.673496;0.847285;
0.287377;0.7883;0.674575;0.847107;
0.287192;0.786337;0.675646;0.846933;
0.287032;0.78434;0.676707;0.846761;
0.286894;0.782309;0.677759;0.846592;
0.286779;0.780249;0.678802;0.846426;
0.286684;0.778159;0.679836;0.846263;
0.286612;0.776042;0.680859;0.846102;
0.28656;0.773899;0.681872;0.845944;
0.28653;0.771733;0.682875;0.845788;
0.286519;0.769545;0.683865;0.845634;
0.286527;0.767339;0.684845;0.845481;
0.286552;0.765112;0.685812;0.845331;
0.286596;0.762871;0.686767;0.845181;
0.286657;0.760617;0.687712;0.845033;
0.286733;0.758349;0.688642;0.844886;
0.286826;0.756072;0.689561;0.844739;
0.286933;0.753786;0.690464;0.844593;
0.287057;0.751496;0.691358;0.844449;
0.287193;0.749201;0.692238;0.844305;
0.287341;0.746903;0.693103;0.84416;
0.287501;0.744604;0.693953;0.844014;
0.287676;0.742308;0.69479;0.843869;
0.287861;0.740014;0.695614;0.843724;
0.288056;0.737726;0.696425;0.843579;
0.288259;0.73544;0.697219;0.843432;
0.288472;0.733164;0.698001;0.843286;
0.288692;0.730896;0.698767;0.843137;
0.288917;0.728635;0.699517;0.842986;
0.289151;0.726388;0.700253;0.842835;
0.289392;0.724154;0.700975;0.842682;
0.289638;0.721933;0.701682;0.842527;
0.289887;0.719726;0.702373;0.84237;
0.290143;0.717536;0.703052;0.842212;
0.290403;0.715363;0.703715;0.842052;
0.290667;0.713208;0.704364;0.84189;
0.290933;0.711071;0.704997;0.841725;
0.291201;0.708952;0.705616;0.841558;
0.291472;0.706854;0.706221;0.841389;
0.291744;0.704776;0.706811;0.841216;
0.292015;0.702716;0.707385;0.84104;
0.292287;0.700678;0.707944;0.840861;
0.292561;0.698665;0.70849;0.84068;
0.292836;0.696673;0.709023;0.840497;
0.29311;0.694704;0.709542;0.84031;
0.293384;0.692757;0.710048;0.840121;
0.293657;0.690833;0.71054;0.839928;
0.293928;0.688932;0.711017;0.839732;
0.294198;0.687054;0.711481;0.839532;
0.294467;0.6852;0.711932;0.83933;
0.294732;0.683368;0.712368;0.839123;
0.294997;0.68156;0.712793;0.838913;
0.295258;0.679775;0.713203;0.838699;
0.295519;0.678015;0.713602;0.838482;
0.295777;0.676278;0.713988;0.838262;
0.296034;0.674566;0.714363;0.838039;
0.296287;0.672875;0.714725;0.837812;
0.296537;0.671207;0.715074;0.83758;
0.296784;0.669562;0.715412;0.837346;
0.297028;0.66794;0.715737;0.837107;
0.29727;0.666342;0.716052;0.836865;
0.29751;0.664766;0.716356;0.83662;
0.297747;0.663212;0.716649;0.83637;
0.297981;0.66168;0.716931;0.836117;
0.298213;0.660172;0.717203;0.835862;
0.298441;0.658683;0.717464;0.835601;
0.298667;0.657216;0.717715;0.835338;
0.298889;0.65577;0.717955;0.83507;
0.299109;0.654345;0.718186;0.8348;
0.299325;0.65294;0.718406;0.834524;
0.299539;0.651556;0.718617;0.834246;
0.299751;0.650193;0.718819;0.833964;
0.299959;0.648848;0.719011;0.833678;
0.300165;0.647522;0.719194;0.833389;
0.300369;0.646215;0.719369;0.833096;
0.300571;0.644929;0.719536;0.8328;
0.300769;0.643659;0.719693;0.8325;
0.300966;0.642408;0.719842;0.832196;
0.30116;0.641176;0.719983;0.831889;
0.301352;0.639961;0.720116;0.831579;
0.301541;0.638761;0.72024;0.831264;
0.301725;0.637579;0.720355;0.830945;
0.30191;0.636414;0.720464;0.830624;
0.302092;0.635264;0.720564;0.830298;
0.302274;0.634134;0.720659;0.82997;
0.302452;0.633018;0.720745;0.829637;
0.30263;0.63192;0.720827;0.829302;
0.302805;0.630835;0.720899;0.828963;
0.302981;0.629766;0.720967;0.828622;
0.303152;0.628711;0.721026;0.828275;
0.303324;0.627672;0.72108;0.827927;
0.303493;0.626645;0.721126;0.827574;
0.30366;0.625632;0.721166;0.827218;
0.303827;0.624635;0.721202;0.826859;
0.303991;0.623648;0.721229;0.826496;
0.304156;0.622677;0.721253;0.826131;
0.304319;0.621719;0.72127;0.825762;
0.30448;0.620774;0.721281;0.82539;
0.304641;0.61984;0.721287;0.825014;
0.3048;0.618918;0.721286;0.824635;
0.304959;0.618011;0.721282;0.824253;
0.305116;0.617112;0.72127;0.823867;
0.305273;0.616228;0.721255;0.823478;
0.305428;0.615353;0.721234;0.823086;
0.305583;0.61449;0.721208;0.822691;
0.305738;0.613639;0.721178;0.822293;
0.305892;0.612799;0.721143;0.821891;
0.306047;0.61197;0.721104;0.821488;
0.3062;0.611149;0.72106;0.821081;
0.306352;0.610339;0.721011;0.82067;
0.306505;0.609541;0.720959;0.820257;
0.306656;0.60875;0.720901;0.81984;
0.306809;0.607972;0.720841;0.819421;
0.30696;0.607202;0.720776;0.818998;
0.30711;0.60644;0.720705;0.818572;
0.307261;0.60569;0.720632;0.818143;
0.307411;0.604948;0.720554;0.817711;
0.307562;0.604215;0.720472;0.817276;
0.307711;0.60349;0.720386;0.816838;
0.307861;0.602774;0.720298;0.816397;
0.308012;0.602068;0.720206;0.815955;
0.308162;0.60137;0.72011;0.815508;
0.308311;0.600679;0.720009;0.815057;
0.308461;0.599996;0.719905;0.814604;
0.308611;0.599322;0.719799;0.814149;
0.308762;0.598657;0.71969;0.813692;
0.308913;0.597998;0.719577;0.81323;
0.309063;0.597346;0.719461;0.812767;
0.309215;0.596703;0.719343;0.8123;
0.309365;0.596065;0.71922;0.81183;
0.309516;0.595436;0.719095;0.811358;
0.309668;0.594814;0.718967;0.810883;
0.309819;0.594199;0.718835;0.810405;
0.309973;0.593593;0.718703;0.809925;
0.310125;0.592992;0.718566;0.809441;
0.310278;0.592398;0.718427;0.808955;
0.310431;0.591812;0.718286;0.808467;
0.310585;0.591232;0.718142;0.807976;
0.310738;0.590657;0.717994;0.807481;
0.310894;0.590091;0.717846;0.806985;
0.311048;0.58953;0.717694;0.806485;
0.311202;0.588976;0.717539;0.805983;
0.311358;0.588426;0.717383;0.805478;
0.311514;0.587883;0.717224;0.804971;
0.311668;0.587344;0.717061;0.80446;
0.311826;0.586814;0.716898;0.803948;
0.311982;0.586289;0.716731;0.803431;
0.31214;0.585772;0.716564;0.802914;
0.312299;0.58526;0.716395;0.802394;
0.312457;0.584751;0.716221;0.80187;
0.312617;0.58425;0.716048;0.801345;
0.312775;0.583752;0.715871;0.800816;
0.312934;0.583261;0.715691;0.800284;
0.313096;0.582778;0.715512;0.799752;
0.313256;0.582296;0.715328;0.799215;
0.313416;0.58182;0.715143;0.798676;
0.313579;0.581352;0.714958;0.798135;
0.313742;0.580889;0.71477;0.797592;
0.313904;0.580427;0.714579;0.797045;
0.314068;0.579974;0.714388;0.796497;
0.314232;0.579525;0.714195;0.795946;
0.314396;0.579082;0.714;0.795393;
0.314562;0.578642;0.713803;0.794836;
0.314727;0.578208;0.713604;0.794278;
0.314892;0.577778;0.713404;0.793716;
0.31506;0.577357;0.713203;0.793154;
0.315228;0.576937;0.713001;0.792589;
0.315394;0.576521;0.712795;0.79202;
0.31556;0.576111;0.712587;0.791448;
0.315729;0.575707;0.712379;0.790874;
0.315897;0.575305;0.71217;0.790299;
0.316066;0.57491;0.711958;0.78972;
0.316239;0.57452;0.711747;0.789141;
0.316409;0.574132;0.711534;0.788558;
0.316582;0.573752;0.71132;0.787973;
0.316754;0.573377;0.711105;0.787387;
0.316927;0.573003;0.710887;0.786797;
0.317098;0.572633;0.710667;0.786204;
0.317272;0.572273;0.710447;0.78561;
0.317445;0.571911;0.710226;0.785013;
0.317619;0.571556;0.710002;0.784413;
0.317794;0.571204;0.709779;0.783812;
0.317971;0.570858;0.709554;0.783209;
0.318145;0.570516;0.709328;0.782603;
0.318322;0.570179;0.7091;0.781994;
0.318498;0.569846;0.708872;0.781383;
0.318676;0.569517;0.708642;0.78077;
0.318853;0.569193;0.708411;0.780155;
0.319033;0.568873;0.70818;0.779538;
0.319213;0.568558;0.707949;0.77892;
0.319392;0.568245;0.707717;0.778299;
0.319572;0.567938;0.707483;0.777676;
0.319753;0.567634;0.707249;0.777051;
0.319933;0.567329;0.707013;0.776423;
0.320113;0.567033;0.706776;0.775793;
0.320295;0.56674;0.706539;0.775162;
0.320478;0.566453;0.706301;0.774527;
0.320659;0.566167;0.706061;0.77389;
0.320839;0.565885;0.705819;0.773251;
0.321024;0.565611;0.705579;0.772611;
0.321208;0.565338;0.705338;0.771969;
0.32139;0.565068;0.705095;0.771324;
0.321576;0.564806;0.704853;0.770678;
0.32176;0.564545;0.704609;0.770029;
0.321943;0.564287;0.704363;0.769377;
0.322129;0.564036;0.704118;0.768724;
0.322315;0.563786;0.703872;0.76807;
0.322501;0.563539;0.703626;0.767413;
0.322687;0.563298;0.703378;0.766753;
0.322874;0.56306;0.70313;0.766091;
0.323061;0.562826;0.702882;0.765429;
0.32325;0.562599;0.702633;0.764764;
0.323438;0.562374;0.702382;0.764096;
0.323625;0.56215;0.702132;0.763427;
0.323814;0.561931;0.701882;0.762756;
0.324003;0.56172;0.70163;0.762083;
0.324192;0.56151;0.701377;0.761407;
0.32438;0.561303;0.701124;0.760729;
0.32457;0.561099;0.700871;0.760051;
0.32476;0.5609;0.700617;0.759369;
0.324951;0.560706;0.700363;0.758687;
0.325141;0.560514;0.700108;0.758001;
0.325331;0.560327;0.699853;0.757314;
0.325521;0.560141;0.699598;0.756626;
0.325713;0.559962;0.699342;0.755935;
0.325904;0.559783;0.699084;0.755242;
0.326097;0.559613;0.698829;0.754548;
0.326288;0.559443;0.698572;0.753852;
0.32648;0.559278;0.698316;0.753155;
0.326673;0.559116;0.698057;0.752454;
0.326867;0.558959;0.6978;0.751753;
0.327061;0.558806;0.697542;0.75105;
0.327253;0.558654;0.697283;0.750345;
0.327446;0.558505;0.697025;0.749638;
0.327638;0.558358;0.696765;0.748928;
0.327832;0.55822;0.696507;0.748219;
0.328025;0.558083;0.696248;0.747506;
0.328218;0.557952;0.695987;0.746791;
0.328412;0.557823;0.695727;0.746075;
0.328607;0.557699;0.695467;0.745357;
0.328803;0.557577;0.695207;0.744638;
0.328996;0.557459;0.694946;0.743916;
0.32919;0.557345;0.694685;0.743193;
0.329383;0.557231;0.694423;0.742467;
0.329578;0.557124;0.694163;0.741742;
0.329772;0.557019;0.693901;0.741013;
0.329969;0.55692;0.69364;0.740284;
0.330165;0.556824;0.69338;0.739553;
0.330363;0.556734;0.693119;0.738821;
0.330561;0.556645;0.69286;0.738088;
0.330755;0.556557;0.692598;0.737351;
0.330951;0.556475;0.692337;0.736614;
0.331147;0.556396;0.692074;0.735873;
0.331342;0.556319;0.691812;0.735132;
0.331539;0.556248;0.691551;0.734389;
0.331735;0.556179;0.691289;0.733645;
0.331932;0.556115;0.691028;0.732899;
0.332128;0.556053;0.690766;0.732151;
0.332324;0.555995;0.690504;0.731401;
0.332522;0.555942;0.690244;0.730652;
0.332718;0.555892;0.689983;0.7299;
0.332915;0.555845;0.689722;0.729147;
0.333108;0.555799;0.68946;0.728391;
0.333304;0.555761;0.689198;0.727633;
0.3335;0.555724;0.688938;0.726877;
0.333694;0.555691;0.688677;0.726117;
0.333889;0.555661;0.688417;0.725356;
0.334084;0.555636;0.688157;0.724594;
0.334277;0.555613;0.687895;0.723828;
0.334471;0.555594;0.687634;0.723062;
0.334667;0.555581;0.687375;0.722296;
0.334864;0.555572;0.687116;0.721529;
0.335059;0.555565;0.686857;0.720758;
0.335254;0.555563;0.686597;0.719987;
0.33545;0.555564;0.686338;0.719214;
0.335645;0.55557;0.686079;0.718441;
0.335842;0.555581;0.685821;0.717666;
0.336036;0.555587;0.685563;0.716889;
0.336231;0.555599;0.685306;0.716112;
0.336426;0.555614;0.685049;0.715333;
0.336619;0.555633;0.68479;0.714552;
0.336813;0.555656;0.684532;0.713769;
0.996646;2.1468e-06;0.997527;0.994476;
0.996646;2.14649e-06;0.997527;0.994476;
0.996645;2.14618e-06;0.997527;0.994476;
0.996645;2.14588e-06;0.997527;0.994476;
0.996645;2.14557e-06;0.997527;0.994476;
0.996645;2.14526e-06;0.997527;0.994476;
0.996645;2.14495e-06;0.997527;0.994476;
0.996645;2.14465e-06;0.997527;0.994476;
0.996645;2.14434e-06;0.997527;0.994475;
0.996644;2.14403e-06;0.997527;0.994475;
0.996644;2.14373e-06;0.997527;0.994475;
0.996644;2.14342e-06;0.997527;0.994475;
0.996644;2.14311e-06;0.997527;0.994475;
0.996644;2.14281e-06;0.997527;0.994475;
0.996644;2.1425e-06;0.997527;0.994475;
0.996643;2.1422e-06;0.997527;0.994475;
0.996643;2.14189e-06;0.997527;0.994475;
0.996643;2.14158e-06;0.997527;0.994475;
0.996643;2.14128e-06;0.997527;0.994475;
0.996643;2.14097e-06;0.997527;0.994474;
0.996643;2.14067e-06;0.997527;0.994474;
0.996643;2.14036e-06;0.997527;0.994474;
0.996642;2.14005e-06;0.997527;0.994474;
0.996642;2.13975e-06;0.997527;0.994474;
0.996642;2.13944e-06;0.997527;0.994474;
0.996642;2.13914e-06;0.997527;0.994474;
0.996642;2.13883e-06;0.997527;0.994474;
0.996642;2.13853e-06;0.997527;0.994474;
0.996641;2.13822e-06;0.997527;0.994474;
0.996641;2.13792e-06;0.997527;0.994473;
0.996641;2.13761e-06;0.997527;0.994473;
0.996641;2.13731e-06;0.997527;0.994473;
0.996641;2.137e-06;0.997527;0.994473;
0.996641;2.1367e-06;0.997527;0.994473;
0.996641;2.1364e-06;0.997526;0.994473;
0.99664;2.13609e-06;0.997526;0.994473;
0.99664;2.13579e-06;0.997526;0.994473;
0.99664;2.13548e-06;0.997526;0.994473;
0.99664;2.13518e-06;0.997526;0.994473;
0.99664;2.13487e-06;0.997526;0.994473;
0.99664;2.13457e-06;0.997526;0.994472;
0.996639;2.13427e-06;0.997526;0.994472;
0.996639;2.13396e-06;0.997526;0.994472;
0.996639;2.13366e-06;0.997526;0.994472;
0.996639;2.13336e-06;0.997526;0.994472;
0.996639;2.13305e-06;0.997526;0.994472;
0.996639;2.13275e-06;0.997526;0.994472;
0.996639;2.13245e-06;0.997526;0.994472;
0.996638;2.13214e-06;0.997526;0.994472;
0.996638;2.13184e-06;0.997526;0.994472;
0.996638;2.13154e-06;0.997526;0.994472;
0.996638;2.13123e-06;0.997526;0.994471;
0.996638;2.13093e-06;0.997526;0.994471;
0.996638;2.13063e-06;0.997526;0.994471;
0.996637;2.13033e-06;0.997526;0.994471;
0.996637;2.13002e-06;0.997526;0.994471;
0.996637;2.12972e-06;0.997526;0.994471;
0.996637;2.12942e-06;0.997526;0.994471;
0.996637;2.12912e-06;0.997526;0.994471;
0.996637;2.12881e-06;0.997526;0.994471;
0.996637;2.12851e-06;0.997526;0.994471;
0.996636;2.12821e-06;0.997526;0.99447;
0.996636;2.12791e-06;0.997526;0.99447;
0.996636;2.12761e-06;0.997526;0.99447;
0.996636;2.1273e-06;0.997526;0.99447;
0.996636;2.127e-06;0.997526;0.99447;
0.996636;2.1267e-06;0.997526;0.99447;
0.996635;2.1264e-06;0.997526;0.99447;
0.996635;2.1261e-06;0.997526;0.99447;
0.996635;2.1258e-06;0.997526;0.99447;
0.996635;2.1255e-06;0.997526;0.99447;
0.996635;2.1252e-06;0.997526;0.99447;
0.996635;2.12489e-06;0.997526;0.994469;
0.996635;2.12459e-06;0.997526;0.994469;
0.996634;2.12429e-06;0.997526;0.994469;
0.996634;2.12399e-06;0.997525;0.994469;
0.996634;2.12369e-06;0.997525;0.994469;
0.996634;2.12339e-06;0.997525;0.994469;
0.996634;2.12309e-06;0.997525;0.994469;
0.996634;2.12279e-06;0.997525;0.994469;
0.996633;2.12249e-06;0.997525;0.994469;
0.996633;2.12219e-06;0.997525;0.994469;
0.996633;2.12189e-06;0.997525;0.994469;
0.996633;2.12159e-06;0.997525;0.994468;
0.996633;2.12129e-06;0.997525;0.994468;
0.996633;2.12099e-06;0.997525;0.994468;
0.996632;2.12069e-06;0.997525;0.994468;
0.996632;2.12039e-06;0.997525;0.994468;
0.996632;2.12009e-06;0.997525;0.994468;
0.996632;2.11979e-06;0.997525;0.994468;
0.996632;2.11949e-06;0.997525;0.994468;
0.996632;2.11919e-06;0.997525;0.994468;
0.996632;2.11889e-06;0.997525;0.994468;
0.996631;2.11859e-06;0.997525;0.994468;
0.996631;2.11829e-06;0.997525;0.994467;
0.996631;2.118e-06;0.997525;0.994467;
0.996631;2.1177e-06;0.997525;0.994467;
0.996631;2.1174e-06;0.997525;0.994467;
0.996631;2.1171e-06;0.997525;0.994467;
0.99663;2.1168e-06;0.997525;0.994467;
0.99663;2.1165e-06;0.997525;0.994467;
0.99663;2.1162e-06;0.997525;0.994467;
0.99663;2.11591e-06;0.997525;0.994467;
0.99663;2.11561e-06;0.997525;0.994467;
0.99663;2.11531e-06;0.997525;0.994466;
0.99663;2.11501e-06;0.997525;0.994466;
0.996629;2.11471e-06;0.997525;0.994466;
0.996629;2.11442e-06;0.997525;0.994466;
0.996629;2.11412e-06;0.997525;0.994466;
0.996629;2.11382e-06;0.997525;0.994466;
0.996629;2.11352e-06;0.997525;0.994466;
0.996629;2.11322e-06;0.997525;0.994466;
0.996628;2.11293e-06;0.997525;0.994466;
0.996628;2.11263e-06;0.997525;0.994466;
0.996628;2.11233e-06;0.997525;0.994466;
0.996628;2.11204e-06;0.997524;0.994465;
0.996628;2.11174e-06;0.997524;0.994465;
0.996628;2.11144e-06;0.997524;0.994465;
0.996628;2.11114e-06;0.997524;0.994465;
0.996627;2.11055e-06;0.997524;0.994465;
0.996627;2.11025e-06;0.997524;0.994465;
0.996627;2.10996e-06;0.997524;0.994465;
0.996627;2.10966e-06;0.997524;0.994465;
0.996627;2.10937e-06;0.997524;0.994465;
0.996626;2.10907e-06;0.997524;0.994465;
0.996626;2.10877e-06;0.997524;0.994464;
0.996626;2.10848e-06;0.997524;0.994464;
0.996626;2.10818e-06;0.997524;0.994464;
0.996626;2.10788e-06;0.997524;0.994464;
0.996626;2.10759e-06;0.997524;0.994464;
0.996625;2.10729e-06;0.997524;0.994464;
0.996625;2.107e-06;0.997524;0.994464;
0.996625;2.1067e-06;0.997524;0.994464;
0.996625;2.10641e-06;0.997524;0.994464;
0.996625;2.10611e-06;0.997524;0.994464;
0.996625;2.10582e-06;0.997524;0.994463;
0.996625;2.10552e-06;0.997524;0.994463;
0.996624;2.10523e-06;0.997524;0.994463;
0.996624;2.10493e-06;0.997524;0.994463;
0.996624;2.10464e-06;0.997524;0.994463;
0.996624;2.10434e-06;0.997524;0.994463;
0.996624;2.10405e-06;0.997524;0.994463;
0.996624;2.10375e-06;0.997524;0.994463;
0.996623;2.10346e-06;0.997524;0.994463;
0.996623;2.10316e-06;0.997524;0.994463;
0.996623;2.10287e-06;0.997524;0.994463;
0.996623;2.10257e-06;0.997524;0.994462;
0.996623;2.10228e-06;0.997524;0.994462;
0.996623;2.10198e-06;0.997524;0.994462;
0.996622;2.10169e-06;0.997524;0.994462;
0.996622;2.1014e-06;0.997524;0.994462;
0.996622;2.1011e-06;0.997524;0.994462;
0.996622;2.10081e-06;0.997524;0.994462;
0.996622;2.10052e-06;0.997524;0.994462;
0.996622;2.10022e-06;0.997524;0.994462;
0.996622;2.09993e-06;0.997523;0.994462;
0.996621;2.09963e-06;0.997523;0.994462;
0.996621;2.09934e-06;0.997523;0.994461;
0.996621;2.09905e-06;0.997523;0.994461;
0.996621;2.09875e-06;0.997523;0.994461;
0.996621;2.09846e-06;0.997523;0.994461;
0.996621;2.09817e-06;0.997523;0.994461;
0.99662;2.09788e-06;0.997523;0.994461;
0.99662;2.09758e-06;0.997523;0.994461;
0.99662;2.09729e-06;0.997523;0.994461;
0.99662;2.097e-06;0.997523;0.994461;
0.99662;2.0967e-06;0.997523;0.994461;
0.99662;2.09641e-06;0.997523;0.99446;
0.996619;2.09612e-06;0.997523;0.99446;
0.996619;2.09583e-06;0.997523;0.99446;
0.996619;2.09554e-06;0.997523;0.99446;
0.996619;2.09524e-06;0.997523;0.99446;
0.996619;2.09495e-06;0.997523;0.99446;
0.996619;2.09466e-06;0.997523;0.99446;
0.996619;2.09437e-06;0.997523;0.99446;
0.996618;2.09408e-06;0.997523;0.99446;
0.996618;2.09378e-06;0.997523;0.99446;
0.996618;2.09349e-06;0.997523;0.99446;
0.996618;2.0932e-06;0.997523;0.994459;
0.996618;2.09291e-06;0.997523;0.994459;
0.996618;2.09262e-06;0.997523;0.994459;
0.996618;2.09262e-06;0.997523;0.994459;
0.996617;2.09233e-06;0.997523;0.994459;
0.996617;2.09204e-06;0.997523;0.994459;
0.996617;2.09174e-06;0.997523;0.994459;
0.996617;2.09145e-06;0.997523;0.994459;
0.996617;2.09116e-06;0.997523;0.994459;
0.996617;2.09087e-06;0.997523;0.994459;
0.996617;2.09058e-06;0.997523;0.994459;
0.996616;2.09029e-06;0.997523;0.994459;
0.996616;2.09e-06;0.997523;0.994458;
0.996616;2.08971e-06;0.997523;0.994458;
0.996616;2.08942e-06;0.997523;0.994458;
0.996616;2.08913e-06;0.997523;0.994458;
0.996616;2.08884e-06;0.997523;0.994458;
0.996615;2.08855e-06;0.997523;0.994458;
0.996615;2.08826e-06;0.997522;0.994458;
0.996615;2.08797e-06;0.997522;0.994458;
0.996615;2.08768e-06;0.997522;0.994458;
0.996615;2.08739e-06;0.997522;0.994458;
0.996615;2.0871e-06;0.997522;0.994458;
0.996614;2.08681e-06;0.997522;0.994457;
0.996614;2.08652e-06;0.997522;0.994457;
0.996614;2.08623e-06;0.997522;0.994457;
0.996614;2.08594e-06;0.997522;0.994457;
0.996614;2.08565e-06;0.997522;0.994457;
0.996614;2.08536e-06;0.997522;0.994457;
0.996613;2.08507e-06;0.997522;0.994457;
0.996613;2.08478e-06;0.997522;0.994457;
0.996613;2.08449e-06;0.997522;0.994457;
0.996613;2.08421e-06;0.997522;0.994457;
0.996613;2.08392e-06;0.997522;0.994456;
0.996613;2.08363e-06;0.997522;0.994456;
0.996613;2.08334e-06;0.997522;0.994456;
0.996612;2.08305e-06;0.997522;0.994456;
0.996612;2.08276e-06;0.997522;0.994456;
0.996612;2.08247e-06;0.997522;0.994456;
0.996612;2.08219e-06;0.997522;0.994456;
0.996612;2.0819e-06;0.997522;0.994456;
0.996612;2.08161e-06;0.997522;0.994456;
0.996611;2.08132e-06;0.997522;0.994456;
0.996611;2.08103e-06;0.997522;0.994456;
0.996611;2.08075e-06;0.997522;0.994455;
0.996611;2.08046e-06;0.997522;0.994455;
0.996611;2.08017e-06;0.997522;0.994455;
0.996611;2.07988e-06;0.997522;0.994455;
0.99661;2.07959e-06;0.997522;0.994455;
0.99661;2.07931e-06;0.997522;0.994455;
0.99661;2.07902e-06;0.997522;0.994455;
0.99661;2.07873e-06;0.997522;0.994455;
0.99661;2.07845e-06;0.997522;0.994455;
0.99661;2.07816e-06;0.997522;0.994455;
0.99661;2.07787e-06;0.997522;0.994455;
0.996609;2.07758e-06;0.997522;0.994454;
0.996609;2.0773e-06;0.997522;0.994454;
0.996609;2.07701e-06;0.997522;0.994454;
0.996609;2.07672e-06;0.997522;0.994454;
0.996609;2.07644e-06;0.997521;0.994454;
0.996609;2.07615e-06;0.997521;0.994454;
0.996608;2.07586e-06;0.997521;0.994454;
0.996608;2.07558e-06;0.997521;0.994454;
0.996608;2.07529e-06;0.997521;0.994454;
0.996608;2.07472e-06;0.997521;0.994453;
0.996608;2.07443e-06;0.997521;0.994453;
0.996607;2.07415e-06;0.997521;0.994453;
0.996607;2.07386e-06;0.997521;0.994453;
0.996607;2.07358e-06;0.997521;0.994453;
0.996607;2.07329e-06;0.997521;0.994453;
0.996607;2.07301e-06;0.997521;0.994453;
0.996607;2.07272e-06;0.997521;0.994453;
0.996607;2.07243e-06;0.997521;0.994453;
0.996606;2.07215e-06;0.997521;0.994453;
0.996606;2.07186e-06;0.997521;0.994453;
0.996606;2.07158e-06;0.997521;0.994452;
0.996606;2.07129e-06;0.997521;0.994452;
0.996606;2.07101e-06;0.997521;0.994452;
0.996606;2.07072e-06;0.997521;0.994452;
0.996605;2.07044e-06;0.997521;0.994452;
0.996605;2.07015e-06;0.997521;0.994452;
0.996605;2.06987e-06;0.997521;0.994452;
0.996605;2.06958e-06;0.997521;0.994452;
0.996605;2.0693e-06;0.997521;0.994452;
0.996605;2.06902e-06;0.997521;0.994452;
0.996604;2.06873e-06;0.997521;0.994452;
0.996604;2.06845e-06;0.997521;0.994451;
0.996604;2.06816e-06;0.997521;0.994451;
0.996604;2.06788e-06;0.997521;0.994451;
0.996604;2.0676e-06;0.997521;0.994451;
0.996604;2.06731e-06;0.997521;0.994451;
0.996603;2.06703e-06;0.997521;0.994451;
0.996603;2.06674e-06;0.997521;0.994451;
0.996603;2.06646e-06;0.997521;0.994451;
0.996603;2.06646e-06;0.997521;0.994451;
0.996603;2.06618e-06;0.997521;0.994451;
0.996603;2.06589e-06;0.997521;0.994451;
0.996603;2.06561e-06;0.997521;0.99445;
0.996603;2.06533e-06;0.997521;0.99445;
0.996602;2.06504e-06;0.99752;0.99445;
0.996602;2.06476e-06;0.99752;0.99445;
0.996602;2.06448e-06;0.99752;0.99445;
0.996602;2.06419e-06;0.99752;0.99445;
0.996602;2.06391e-06;0.99752;0.99445;
0.996602;2.06363e-06;0.99752;0.99445;
0.996601;2.06335e-06;0.99752;0.99445;
0.996601;2.06306e-06;0.99752;0.99445;
0.996601;2.06278e-06;0.99752;0.99445;
0.996601;2.0625e-06;0.99752;0.994449;
0.996601;2.06222e-06;0.99752;0.994449;
0.996601;2.06193e-06;0.99752;0.994449;
0.9966;2.06165e-06;0.99752;0.994449;
0.9966;2.06137e-06;0.99752;0.994449;
0.9966;2.06109e-06;0.99752;0.994449;
0.9966;2.06081e-06;0.99752;0.994449;
0.9966;2.06052e-06;0.99752;0.994449;
0.9966;2.06024e-06;0.99752;0.994449;
0.996599;2.05996e-06;0.99752;0.994449;
0.996599;2.05968e-06;0.99752;0.994449;
0.996599;2.0594e-06;0.99752;0.994448;
0.996599;2.05911e-06;0.99752;0.994448;
0.996599;2.05883e-06;0.99752;0.994448;
0.996599;2.05855e-06;0.99752;0.994448;
0.996599;2.05827e-06;0.99752;0.994448;
0.996598;2.05799e-06;0.99752;0.994448;
0.996598;2.05771e-06;0.99752;0.994448;
0.996598;2.05743e-06;0.99752;0.994448;
0.996598;2.05715e-06;0.99752;0.994448;
0.996598;2.05687e-06;0.99752;0.994448;
0.996598;2.05659e-06;0.99752;0.994447;
0.996597;2.0563e-06;0.99752;0.994447;
0.996597;2.05602e-06;0.99752;0.994447;
0.996597;2.05574e-06;0.99752;0.994447;
0.996597;2.05546e-06;0.99752;0.994447;
0.996597;2.05518e-06;0.99752;0.994447;
0.996597;2.0549e-06;0.99752;0.994447;
0.996596;2.05462e-06;0.99752;0.994447;
0.996596;2.05434e-06;0.99752;0.994447;
0.996596;2.05406e-06;0.99752;0.994447;
0.996596;2.05378e-06;0.99752;0.994447;
0.996596;2.0535e-06;0.997519;0.994446;
0.996596;2.05322e-06;0.997519;0.994446;
0.996595;2.05294e-06;0.997519;0.994446;
0.996595;2.05266e-06;0.997519;0.994446;
0.996595;2.05238e-06;0.997519;0.994446;
0.996595;2.0521e-06;0.997519;0.994446;
0.996595;2.05183e-06;0.997519;0.994446;
0.996595;2.05155e-06;0.997519;0.994446;
0.996595;2.05127e-06;0.997519;0.994446;
0.996594;2.05099e-06;0.997519;0.994446;
0.996594;2.05071e-06;0.997519;0.994446;
0.996594;2.05043e-06;0.997519;0.994445;
0.996594;2.05015e-06;0.997519;0.994445;
0.996594;2.04987e-06;0.997519;0.994445;
0.996594;2.04959e-06;0.997519;0.994445;
0.996593;2.04932e-06;0.997519;0.994445;
0.996593;2.04904e-06;0.997519;0.994445;
0.996593;2.04876e-06;0.997519;0.994445;
0.996593;2.04848e-06;0.997519;0.994445;
0.996593;2.0482e-06;0.997519;0.994445;
0.996593;2.04792e-06;0.997519;0.994445;
0.996592;2.04765e-06;0.997519;0.994444;
0.996592;2.04737e-06;0.997519;0.994444;
0.996592;2.04709e-06;0.997519;0.994444;
0.996592;2.04681e-06;0.997519;0.994444;
0.996592;2.04653e-06;0.997519;0.994444;
0.996592;2.04626e-06;0.997519;0.994444;
0.996591;2.04598e-06;0.997519;0.994444;
0.996591;2.0457e-06;0.997519;0.994444;
0.996591;2.04542e-06;0.997519;0.994444;
0.996591;2.04515e-06;0.997519;0.994444;
0.996591;2.04487e-06;0.997519;0.994444;
0.996591;2.04459e-06;0.997519;0.994443;
0.99659;2.04431e-06;0.997519;0.994443;
0.99659;2.04404e-06;0.997519;0.994443;
0.99659;2.04376e-06;0.997519;0.994443;
0.99659;2.04348e-06;0.997519;0.994443;
0.99659;2.04321e-06;0.997519;0.994443;
0.99659;2.04293e-06;0.997519;0.994443;
0.99659;2.04265e-06;0.997519;0.994443;
0.996589;2.04238e-06;0.997518;0.994443;
0.996589;2.0421e-06;0.997518;0.994443;
0.996589;2.04182e-06;0.997518;0.994443;
0.996589;2.04155e-06;0.997518;0.994442;
0.996589;2.04127e-06;0.997518;0.994442;
0.996589;2.041e-06;0.997518;0.994442;
0.996588;2.04072e-06;0.997518;0.994442;
0.996588;2.04044e-06;0.997518;0.994442;
0.996588;2.04017e-06;0.997518;0.994442;
0.996588;2.03989e-06;0.997518;0.994442;
0.996588;2.03962e-06;0.997518;0.994442;
0.996588;2.03934e-06;0.997518;0.994442;
0.996587;2.03906e-06;0.997518;0.994442;
0.996587;2.03906e-06;0.997518;0.994442;
0.996587;2.03879e-06;0.997518;0.994441;
0.996587;2.03851e-06;0.997518;0.994441;
0.996587;2.03824e-06;0.997518;0.994441;
0.996587;2.03796e-06;0.997518;0.994441;
0.996587;2.03769e-06;0.997518;0.994441;
0.996586;2.03741e-06;0.997518;0.994441;
0.996586;2.03714e-06;0.997518;0.994441;
0.996586;2.03686e-06;0.997518;0.994441;
0.996586;2.03659e-06;0.997518;0.994441;
0.996586;2.03631e-06;0.997518;0.994441;
0.996586;2.03604e-06;0.997518;0.994441;
0.996585;2.03576e-06;0.997518;0.99444;
0.996585;2.03549e-06;0.997518;0.99444;
0.996585;2.03522e-06;0.997518;0.99444;
0.996585;2.03494e-06;0.997518;0.99444;
0.996585;2.03467e-06;0.997518;0.99444;
0.996585;2.03439e-06;0.997518;0.99444;
0.996584;2.03412e-06;0.997518;0.99444;
0.996584;2.03384e-06;0.997518;0.99444;
0.996584;2.03357e-06;0.997518;0.99444;
0.996584;2.0333e-06;0.997518;0.99444;
0.996584;2.03302e-06;0.997518;0.99444;
0.996584;2.03275e-06;0.997518;0.994439;
0.996584;2.03247e-06;0.997518;0.994439;
0.996584;2.03247e-06;0.997518;0.994439;
0.996584;2.03247e-06;0.997518;0.994439;
0.996583;2.0322e-06;0.997518;0.994439;
0.996583;2.03193e-06;0.997518;0.994439;
0.996583;2.03165e-06;0.997518;0.994439;
0.996583;2.03138e-06;0.997517;0.994439;
0.996583;2.03111e-06;0.997517;0.994439;
0.996583;2.03083e-06;0.997517;0.994439;
0.996582;2.03056e-06;0.997517;0.994439;
0.996582;2.03029e-06;0.997517;0.994439;
0.996582;2.03002e-06;0.997517;0.994438;
0.996582;2.02974e-06;0.997517;0.994438;
0.996582;2.02947e-06;0.997517;0.994438;
0.996582;2.0292e-06;0.997517;0.994438;
0.996581;2.02892e-06;0.997517;0.994438;
0.996581;2.02865e-06;0.997517;0.994438;
0.996581;2.02838e-06;0.997517;0.994438;
0.996581;2.02811e-06;0.997517;0.994438;
0.996581;2.02784e-06;0.997517;0.994438;
0.996581;2.02756e-06;0.997517;0.994438;
0.99658;2.02729e-06;0.997517;0.994438;
0.99658;2.02702e-06;0.997517;0.994437;
0.99658;2.02675e-06;0.997517;0.994437;
0.99658;2.02647e-06;0.997517;0.994437;
0.99658;2.0262e-06;0.997517;0.994437;
0.99658;2.02593e-06;0.997517;0.994437;
0.996579;2.02566e-06;0.997517;0.994437;
0.996579;2.02539e-06;0.997517;0.994437;
0.996579;2.02512e-06;0.997517;0.994437;
0.996579;2.02485e-06;0.997517;0.994437;
0.996579;2.02457e-06;0.997517;0.994437;
0.996579;2.0243e-06;0.997517;0.994437;
0.996578;2.02403e-06;0.997517;0.994436;
0.996578;2.02376e-06;0.997517;0.994436;
0.996578;2.02349e-06;0.997517;0.994436;
0.996578;2.02322e-06;0.997517;0.994436;
0.996578;2.02295e-06;0.997517;0.994436;
0.996578;2.02268e-06;0.997517;0.994436;
0.996577;2.02241e-06;0.997517;0.994436;
0.996577;2.02214e-06;0.997517;0.994436;
0.996577;2.02186e-06;0.997517;0.994436;
0.996577;2.02159e-06;0.997517;0.994436;
0.996577;2.02132e-06;0.997517;0.994435;
0.996577;2.02105e-06;0.997517;0.994435;
0.996577;2.02078e-06;0.997517;0.994435;
0.996576;2.02051e-06;0.997517;0.994435;
0.996576;2.02024e-06;0.997516;0.994435;
0.996576;2.01997e-06;0.997516;0.994435;
0.996576;2.0197e-06;0.997516;0.994435;
0.996576;2.01943e-06;0.997516;0.994435;
0.996576;2.01916e-06;0.997516;0.994435;
0.996575;2.01889e-06;0.997516;0.994435;
0.996575;2.01862e-06;0.997516;0.994435;
0.996575;2.01835e-06;0.997516;0.994434;
0.996575;2.01809e-06;0.997516;0.994434;
0.996575;2.01782e-06;0.997516;0.994434;
0.996575;2.01755e-06;0.997516;0.994434;
0.996574;2.01728e-06;0.997516;0.994434;
0.996574;2.01701e-06;0.997516;0.994434;
0.996574;2.01674e-06;0.997516;0.994434;
0.996574;2.01647e-06;0.997516;0.994434;
0.996574;2.0162e-06;0.997516;0.994434;
0.996574;2.01593e-06;0.997516;0.994434;
0.996573;2.01566e-06;0.997516;0.994434;
0.996573;2.0154e-06;0.997516;0.994433;
0.996573;2.01513e-06;0.997516;0.994433;
0.996573;2.01486e-06;0.997516;0.994433;
0.996573;2.01459e-06;0.997516;0.994433;
0.996573;2.01432e-06;0.997516;0.994433;
0.996572;2.01405e-06;0.997516;0.994433;
0.996572;2.01378e-06;0.997516;0.994433;
0.996572;2.01352e-06;0.997516;0.994433;
0.996572;2.01325e-06;0.997516;0.994433;
0.996572;2.01298e-06;0.997516;0.994433;
0.996572;2.01271e-06;0.997516;0.994432;
0.996571;2.01244e-06;0.997516;0.994432;
0.996571;2.01218e-06;0.997516;0.994432;
0.996571;2.01191e-06;0.997516;0.994432;
0.996571;2.01164e-06;0.997516;0.994432;
0.996571;2.01137e-06;0.997516;0.994432;
0.996571;2.01111e-06;0.997516;0.994432;
0.99657;2.01084e-06;0.997516;0.994432;
0.99657;2.01057e-06;0.997516;0.994432;
0.99657;2.01031e-06;0.997516;0.994432;
0.99657;2.01004e-06;0.997516;0.994432;
0.99657;2.00977e-06;0.997516;0.994431;
0.99657;2.0095e-06;0.997515;0.994431;
0.996569;2.00924e-06;0.997515;0.994431;
0.996569;2.00897e-06;0.997515;0.994431;
0.996569;2.0087e-06;0.997515;0.994431;
0.996569;2.00844e-06;0.997515;0.994431;
0.996569;2.00817e-06;0.997515;0.994431;
0.996569;2.0079e-06;0.997515;0.994431;
0.996568;2.00764e-06;0.997515;0.994431;
0.996568;2.00737e-06;0.997515;0.994431;
0.996568;2.00711e-06;0.997515;0.99443;
0.996568;2.00684e-06;0.997515;0.99443;
0.996568;2.00657e-06;0.997515;0.99443;
0.996568;2.00631e-06;0.997515;0.99443;
0.996567;2.00604e-06;0.997515;0.99443;
0.996567;2.00578e-06;0.997515;0.99443;
0.996567;2.00551e-06;0.997515;0.99443;
0.991094;2.04737e-06;0.993307;0.970687;
0.991094;2.0471e-06;0.993307;0.970686;
0.991093;2.04683e-06;0.993307;0.970685;
0.991093;2.04656e-06;0.993307;0.970684;
0.991093;2.04629e-06;0.993307;0.970683;
0.991092;2.04602e-06;0.993307;0.970682;
0.991092;2.04575e-06;0.993307;0.970681;
0.991091;2.04547e-06;0.993307;0.97068;
0.991091;2.0452e-06;0.993306;0.970679;
0.991091;2.04493e-06;0.993306;0.970678;
0.99109;2.04466e-06;0.993306;0.970677;
0.99109;2.04439e-06;0.993306;0.970676;
0.99109;2.04412e-06;0.993306;0.970676;
0.991089;2.04385e-06;0.993306;0.970675;
0.991089;2.04358e-06;0.993306;0.970674;
0.991089;2.04331e-06;0.993306;0.970673;
0.991088;2.04304e-06;0.993306;0.970672;
0.991088;2.04277e-06;0.993306;0.970671;
0.991087;2.0425e-06;0.993306;0.97067;
0.991087;2.04223e-06;0.993306;0.970669;
0.991087;2.04196e-06;0.993306;0.970668;
0.991086;2.04169e-06;0.993306;0.970667;
0.991086;2.04142e-06;0.993306;0.970666;
0.991086;2.04115e-06;0.993305;0.970665;
0.991085;2.04089e-06;0.993305;0.970664;
0.991085;2.04062e-06;0.993305;0.970663;
0.991085;2.04035e-06;0.993305;0.970662;
0.991084;2.04008e-06;0.993305;0.970661;
0.991084;2.03981e-06;0.993305;0.97066;
0.991083;2.03954e-06;0.993305;0.970659;
0.991083;2.03927e-06;0.993305;0.970658;
0.991083;2.039e-06;0.993305;0.970657;
0.991082;2.03873e-06;0.993305;0.970656;
0.991082;2.03846e-06;0.993305;0.970655;
0.991082;2.0382e-06;0.993305;0.970654;
0.991081;2.03793e-06;0.993305;0.970653;
0.991081;2.03766e-06;0.993305;0.970652;
0.991081;2.03739e-06;0.993305;0.970651;
0.99108;2.03712e-06;0.993304;0.97065;
0.99108;2.03685e-06;0.993304;0.970649;
0.991079;2.03659e-06;0.993304;0.970648;
0.991079;2.03632e-06;0.993304;0.970648;
0.991079;2.03605e-06;0.993304;0.970647;
0.991078;2.03578e-06;0.993304;0.970646;
0.991078;2.03551e-06;0.993304;0.970645;
0.991078;2.03525e-06;0.993304;0.970644;
0.991077;2.03498e-06;0.993304;0.970643;
0.991077;2.03471e-06;0.993304;0.970642;
0.991077;2.03444e-06;0.993304;0.970641;
0.991076;2.03418e-06;0.993304;0.97064;
0.991076;2.03391e-06;0.993304;0.970639;
0.991075;2.03364e-06;0.993304;0.970638;
0.991075;2.03337e-06;0.993304;0.970637;
0.991075;2.03311e-06;0.993303;0.970636;
0.991074;2.03284e-06;0.993303;0.970635;
0.991074;2.03257e-06;0.993303;0.970634;
0.991074;2.0323e-06;0.993303;0.970633;
0.991073;2.03204e-06;0.993303;0.970632;
0.991073;2.03177e-06;0.993303;0.970631;
0.991073;2.0315e-06;0.993303;0.97063;
0.991072;2.03124e-06;0.993303;0.970629;
0.991072;2.03097e-06;0.993303;0.970628;
0.991071;2.0307e-06;0.993303;0.970627;
0.991071;2.03044e-06;0.993303;0.970626;
0.991071;2.03017e-06;0.993303;0.970625;
0.99107;2.0299e-06;0.993303;0.970624;
0.99107;2.02964e-06;0.993303;0.970623;
0.99107;2.02937e-06;0.993303;0.970622;
0.991069;2.02911e-06;0.993302;0.970621;
0.991069;2.02884e-06;0.993302;0.970621;
0.991069;2.02857e-06;0.993302;0.97062;
0.991068;2.02831e-06;0.993302;0.970619;
0.991068;2.02804e-06;0.993302;0.970618;
0.991067;2.02778e-06;0.993302;0.970617;
0.991067;2.02751e-06;0.993302;0.970616;
0.991067;2.02725e-06;0.993302;0.970615;
0.991066;2.02698e-06;0.993302;0.970614;
0.991066;2.02671e-06;0.993302;0.970613;
0.991066;2.02645e-06;0.993302;0.970612;
0.991065;2.02618e-06;0.993302;0.970611;
0.991065;2.02592e-06;0.993302;0.97061;
0.991064;2.02565e-06;0.993302;0.970609;
0.991064;2.02539e-06;0.993302;0.970608;
0.991064;2.02512e-06;0.993301;0.970607;
0.991063;2.02486e-06;0.993301;0.970606;
0.991063;2.02459e-06;0.993301;0.970605;
0.991063;2.02433e-06;0.993301;0.970604;
0.991062;2.02406e-06;0.993301;0.970603;
0.991062;2.0238e-06;0.993301;0.970602;
0.991062;2.02353e-06;0.993301;0.970601;
0.991061;2.02327e-06;0.993301;0.9706;
0.991061;2.02301e-06;0.993301;0.970599;
0.99106;2.02274e-06;0.993301;0.970598;
0.99106;2.02248e-06;0.993301;0.970597;
0.99106;2.02221e-06;0.993301;0.970596;
0.991059;2.02195e-06;0.993301;0.970595;
0.991059;2.02168e-06;0.993301;0.970594;
0.991059;2.02142e-06;0.993301;0.970593;
0.991058;2.02116e-06;0.9933;0.970593;
0.991058;2.02089e-06;0.9933;0.970592;
0.991058;2.02063e-06;0.9933;0.970591;
0.991057;2.02037e-06;0.9933;0.97059;
0.991057;2.0201e-06;0.9933;0.970589;
0.991056;2.01984e-06;0.9933;0.970588;
0.991056;2.01957e-06;0.9933;0.970587;
0.991056;2.01931e-06;0.9933;0.970586;
0.991055;2.01905e-06;0.9933;0.970585;
0.991055;2.01878e-06;0.9933;0.970584;
0.991055;2.01852e-06;0.9933;0.970583;
0.991054;2.01826e-06;0.9933;0.970582;
0.991054;2.01799e-06;0.9933;0.970581;
0.991053;2.01773e-06;0.9933;0.97058;
0.991053;2.01747e-06;0.9933;0.970579;
0.991053;2.01721e-06;0.993299;0.970578;
0.991052;2.01694e-06;0.993299;0.970577;
0.991052;2.01668e-06;0.993299;0.970576;
0.991052;2.01642e-06;0.993299;0.970575;
0.991051;2.01616e-06;0.993299;0.970574;
0.991051;2.01589e-06;0.993299;0.970573;
0.991051;2.01563e-06;0.993299;0.970572;
0.99105;2.01537e-06;0.993299;0.970571;
0.99105;2.01511e-06;0.993299;0.97057;
0.991049;2.01484e-06;0.993299;0.970569;
0.991049;2.01458e-06;0.993299;0.970568;
0.991049;2.01432e-06;0.993299;0.970567;
0.991048;2.01406e-06;0.993299;0.970566;
0.991048;2.0138e-06;0.993299;0.970565;
0.991048;2.01353e-06;0.993299;0.970564;
0.991047;2.01327e-06;0.993298;0.970564;
0.991047;2.01301e-06;0.993298;0.970563;
0.991046;2.01275e-06;0.993298;0.970562;
0.991046;2.01249e-06;0.993298;0.970561;
0.991046;2.01223e-06;0.993298;0.97056;
0.991045;2.01196e-06;0.993298;0.970559;
0.991045;2.0117e-06;0.993298;0.970558;
0.991045;2.01144e-06;0.993298;0.970557;
0.991044;2.01118e-06;0.993298;0.970556;
0.991044;2.01092e-06;0.993298;0.970555;
0.991044;2.01066e-06;0.993298;0.970554;
0.991043;2.0104e-06;0.993298;0.970553;
0.991043;2.01014e-06;0.993298;0.970552;
0.991042;2.00988e-06;0.993298;0.970551;
0.991042;2.00961e-06;0.993298;0.97055;
0.991042;2.00935e-06;0.993297;0.970549;
0.991041;2.00909e-06;0.993297;0.970548;
0.991041;2.00883e-06;0.993297;0.970547;
0.991041;2.00857e-06;0.993297;0.970546;
0.99104;2.00831e-06;0.993297;0.970545;
0.99104;2.00805e-06;0.993297;0.970544;
0.991039;2.00779e-06;0.993297;0.970543;
0.991039;2.00753e-06;0.993297;0.970542;
0.991039;2.00727e-06;0.993297;0.970541;
0.991038;2.00701e-06;0.993297;0.97054;
0.991038;2.00675e-06;0.993297;0.970539;
0.991038;2.00649e-06;0.993297;0.970538;
0.991037;2.00623e-06;0.993297;0.970537;
0.991037;2.00597e-06;0.993297;0.970536;
0.991037;2.00571e-06;0.993297;0.970535;
0.991036;2.00545e-06;0.993296;0.970534;
0.991036;2.00519e-06;0.993296;0.970534;
0.991035;2.00493e-06;0.993296;0.970533;
0.991035;2.00467e-06;0.993296;0.970532;
0.991035;2.00441e-06;0.993296;0.970531;
0.991034;2.00415e-06;0.993296;0.97053;
0.991034;2.0039e-06;0.993296;0.970529;
0.991034;2.00364e-06;0.993296;0.970528;
0.991033;2.00338e-06;0.993296;0.970527;
0.991033;2.00312e-06;0.993296;0.970526;
0.991032;2.00286e-06;0.993296;0.970525;
0.991032;2.0026e-06;0.993296;0.970524;
0.991032;2.00234e-06;0.993296;0.970523;
0.991031;2.00208e-06;0.993296;0.970522;
0.991031;2.00182e-06;0.993296;0.970521;
0.991031;2.00157e-06;0.993295;0.97052;
0.99103;2.00131e-06;0.993295;0.970519;
0.99103;2.00105e-06;0.993295;0.970518;
0.991029;2.00079e-06;0.993295;0.970517;
0.991029;2.00053e-06;0.993295;0.970516;
0.991029;2.00027e-06;0.993295;0.970515;
0.991028;2.00002e-06;0.993295;0.970514;
0.991028;1.99976e-06;0.993295;0.970513;
0.991028;1.9995e-06;0.993295;0.970512;
0.991027;1.99924e-06;0.993295;0.970511;
0.991027;1.99898e-06;0.993295;0.97051;
0.991027;1.99873e-06;0.993295;0.970509;
0.991026;1.99847e-06;0.993295;0.970508;
0.991026;1.99821e-06;0.993295;0.970507;
0.991025;1.99795e-06;0.993295;0.970506;
0.991025;1.9977e-06;0.993294;0.970505;
0.991025;1.99744e-06;0.993294;0.970504;
0.991024;1.99718e-06;0.993294;0.970504;
0.991024;1.99692e-06;0.993294;0.970503;
0.991024;1.99667e-06;0.993294;0.970502;
0.991023;1.99641e-06;0.993294;0.970501;
0.991023;1.99615e-06;0.993294;0.9705;
0.991022;1.99589e-06;0.993294;0.970499;
0.991022;1.99564e-06;0.993294;0.970498;
0.991022;1.99538e-06;0.993294;0.970497;
0.991021;1.99512e-06;0.993294;0.970496;
0.991021;1.99487e-06;0.993294;0.970495;
0.991021;1.99461e-06;0.993294;0.970494;
0.99102;1.99435e-06;0.993294;0.970493;
0.99102;1.9941e-06;0.993294;0.970492;
0.991019;1.99384e-06;0.993293;0.970491;
0.991019;1.99358e-06;0.993293;0.97049;
0.991019;1.99333e-06;0.993293;0.970489;
0.991018;1.99307e-06;0.993293;0.970488;
0.991018;1.99282e-06;0.993293;0.970487;
0.991018;1.99256e-06;0.993293;0.970486;
0.991017;1.9923e-06;0.993293;0.970485;
0.991017;1.99205e-06;0.993293;0.970484;
0.991016;1.99179e-06;0.993293;0.970483;
0.991016;1.99154e-06;0.993293;0.970482;
0.991016;1.99128e-06;0.993293;0.970481;
0.991015;1.99102e-06;0.993293;0.97048;
0.991015;1.99077e-06;0.993293;0.970479;
0.991015;1.99051e-06;0.993293;0.970478;
0.991014;1.99026e-06;0.993293;0.970477;
0.991014;1.99e-06;0.993292;0.970476;
0.991014;1.98975e-06;0.993292;0.970475;
0.991013;1.98949e-06;0.993292;0.970474;
0.991013;1.98924e-06;0.993292;0.970473;
0.991012;1.98898e-06;0.993292;0.970473;
0.991012;1.98873e-06;0.993292;0.970472;
0.991012;1.98847e-06;0.993292;0.970471;
0.991011;1.98822e-06;0.993292;0.97047;
0.991011;1.98796e-06;0.993292;0.970469;
0.991011;1.98771e-06;0.993292;0.970468;
0.99101;1.98745e-06;0.993292;0.970467;
0.99101;1.9872e-06;0.993292;0.970466;
0.991009;1.98694e-06;0.993292;0.970465;
0.991009;1.98669e-06;0.993292;0.970464;
0.991009;1.98643e-06;0.993292;0.970463;
0.991008;1.98618e-06;0.993291;0.970462;
0.991008;1.98592e-06;0.993291;0.970461;
0.991008;1.98567e-06;0.993291;0.97046;
0.991007;1.98542e-06;0.993291;0.970459;
0.991007;1.98516e-06;0.993291;0.970458;
0.991006;1.98491e-06;0.993291;0.970457;
0.991006;1.98465e-06;0.993291;0.970456;
0.991006;1.9844e-06;0.993291;0.970455;
0.991005;1.98415e-06;0.993291;0.970454;
0.991005;1.98389e-06;0.993291;0.970453;
0.991005;1.98364e-06;0.993291;0.970452;
0.991004;1.98339e-06;0.993291;0.970451;
0.991004;1.98313e-06;0.993291;0.97045;
0.991003;1.98288e-06;0.993291;0.970449;
0.991003;1.98262e-06;0.993291;0.970448;
0.991003;1.98237e-06;0.99329;0.970447;
0.991002;1.98212e-06;0.99329;0.970446;
0.991002;1.98187e-06;0.99329;0.970445;
0.991002;1.98161e-06;0.99329;0.970444;
0.991001;1.98136e-06;0.99329;0.970443;
0.991001;1.98111e-06;0.99329;0.970442;
0.991;1.98085e-06;0.99329;0.970441;
0.991;1.9806e-06;0.99329;0.970441;
0.991;1.98035e-06;0.99329;0.97044;
0.990999;1.98009e-06;0.99329;0.970439;
0.990999;1.97984e-06;0.99329;0.970438;
0.990999;1.97959e-06;0.99329;0.970437;
0.990998;1.97934e-06;0.99329;0.970436;
0.990998;1.97908e-06;0.99329;0.970435;
0.990997;1.97883e-06;0.99329;0.970434;
0.990997;1.97858e-06;0.993289;0.970433;
0.990997;1.97833e-06;0.993289;0.970432;
0.990996;1.97808e-06;0.993289;0.970431;
0.990996;1.97782e-06;0.993289;0.97043;
0.990996;1.97757e-06;0.993289;0.970429;
0.990995;1.97732e-06;0.993289;0.970428;
0.990995;1.97707e-06;0.993289;0.970427;
0.990994;1.97682e-06;0.993289;0.970426;
0.990994;1.97656e-06;0.993289;0.970425;
0.990994;1.97631e-06;0.993289;0.970424;
0.990993;1.97606e-06;0.993289;0.970423;
0.990993;1.97581e-06;0.993289;0.970422;
0.990993;1.97556e-06;0.993289;0.970421;
0.990992;1.97531e-06;0.993289;0.97042;
0.990992;1.97505e-06;0.993289;0.970419;
0.990991;1.9748e-06;0.993288;0.970418;
0.990991;1.97455e-06;0.993288;0.970417;
0.990991;1.9743e-06;0.993288;0.970416;
0.99099;1.97405e-06;0.993288;0.970415;
0.99099;1.9738e-06;0.993288;0.970414;
0.99099;1.97355e-06;0.993288;0.970413;
0.990989;1.9733e-06;0.993288;0.970412;
0.990989;1.97305e-06;0.993288;0.970411;
0.990988;1.97279e-06;0.993288;0.97041;
0.990988;1.97254e-06;0.993288;0.970409;
0.990988;1.97229e-06;0.993288;0.970408;
0.990987;1.97204e-06;0.993288;0.970408;
0.990987;1.97179e-06;0.993288;0.970407;
0.990987;1.97154e-06;0.993288;0.970406;
0.990986;1.97129e-06;0.993288;0.970405;
0.990986;1.97104e-06;0.993287;0.970404;
0.990985;1.97079e-06;0.993287;0.970403;
0.990985;1.97054e-06;0.993287;0.970402;
0.990985;1.97029e-06;0.993287;0.970401;
0.990984;1.97004e-06;0.993287;0.9704;
0.990984;1.96979e-06;0.993287;0.970399;
0.990984;1.96954e-06;0.993287;0.970398;
0.990983;1.96929e-06;0.993287;0.970397;
0.990983;1.96904e-06;0.993287;0.970396;
0.990982;1.96879e-06;0.993287;0.970395;
0.990982;1.96854e-06;0.993287;0.970394;
0.990982;1.96829e-06;0.993287;0.970393;
0.990981;1.96804e-06;0.993287;0.970392;
0.990981;1.96779e-06;0.993287;0.970391;
0.990981;1.96754e-06;0.993287;0.97039;
0.99098;1.9673e-06;0.993286;0.970389;
0.99098;1.96705e-06;0.993286;0.970388;
0.990979;1.9668e-06;0.993286;0.970387;
0.990979;1.96655e-06;0.993286;0.970386;
0.990979;1.9663e-06;0.993286;0.970385;
0.990978;1.96605e-06;0.993286;0.970384;
0.990978;1.9658e-06;0.993286;0.970383;
0.990978;1.96555e-06;0.993286;0.970382;
0.990977;1.9653e-06;0.993286;0.970381;
0.990977;1.96506e-06;0.993286;0.97038;
0.990976;1.96481e-06;0.993286;0.970379;
0.990976;1.96456e-06;0.993286;0.970378;
0.990976;1.96431e-06;0.993286;0.970377;
0.990975;1.96406e-06;0.993286;0.970376;
0.990975;1.96381e-06;0.993286;0.970375;
0.990975;1.96356e-06;0.993285;0.970374;
0.990974;1.96332e-06;0.993285;0.970374;
0.990974;1.96307e-06;0.993285;0.970373;
0.990973;1.96282e-06;0.993285;0.970372;
0.990973;1.96257e-06;0.993285;0.970371;
0.990973;1.96232e-06;0.993285;0.97037;
0.990972;1.96208e-06;0.993285;0.970369;
0.990972;1.96183e-06;0.993285;0.970368;
0.990971;1.96158e-06;0.993285;0.970367;
0.990971;1.96133e-06;0.993285;0.970366;
0.990971;1.96109e-06;0.993285;0.970365;
0.99097;1.96084e-06;0.993285;0.970364;
0.99097;1.96059e-06;0.993285;0.970363;
0.99097;1.96034e-06;0.993285;0.970362;
0.990969;1.9601e-06;0.993285;0.970361;
0.990969;1.95985e-06;0.993284;0.97036;
0.990968;1.9596e-06;0.993284;0.970359;
0.990968;1.95935e-06;0.993284;0.970358;
0.990968;1.95911e-06;0.993284;0.970357;
0.990967;1.95886e-06;0.993284;0.970356;
0.990967;1.95861e-06;0.993284;0.970355;
0.990967;1.95837e-06;0.993284;0.970354;
0.990966;1.95812e-06;0.993284;0.970353;
0.990966;1.95787e-06;0.993284;0.970352;
0.990965;1.95763e-06;0.993284;0.970351;
0.990965;1.95738e-06;0.993284;0.97035;
0.990965;1.95713e-06;0.993284;0.970349;
0.990964;1.95689e-06;0.993284;0.970348;
0.990964;1.95664e-06;0.993284;0.970347;
0.990964;1.95639e-06;0.993284;0.970346;
0.990963;1.95615e-06;0.993283;0.970345;
0.990963;1.9559e-06;0.993283;0.970344;
0.990962;1.95566e-06;0.993283;0.970343;
0.990962;1.95541e-06;0.993283;0.970342;
0.990962;1.95516e-06;0.993283;0.970341;
0.990961;1.95492e-06;0.993283;0.97034;
0.990961;1.95467e-06;0.993283;0.97034;
0.990961;1.95443e-06;0.993283;0.970339;
0.99096;1.95418e-06;0.993283;0.970338;
0.99096;1.95394e-06;0.993283;0.970337;
0.990959;1.95369e-06;0.993283;0.970336;
0.990959;1.95344e-06;0.993283;0.970335;
0.990959;1.9532e-06;0.993283;0.970334;
0.990958;1.95295e-06;0.993283;0.970333;
0.990958;1.95271e-06;0.993283;0.970332;
0.990957;1.95246e-06;0.993282;0.970331;
0.990957;1.95222e-06;0.993282;0.97033;
0.990957;1.95197e-06;0.993282;0.970329;
0.990956;1.95173e-06;0.993282;0.970328;
0.990956;1.95148e-06;0.993282;0.970327;
0.990956;1.95124e-06;0.993282;0.970326;
0.990955;1.95099e-06;0.993282;0.970325;
0.990955;1.95075e-06;0.993282;0.970324;
0.990954;1.9505e-06;0.993282;0.970323;
0.990954;1.95026e-06;0.993282;0.970322;
0.990954;1.95001e-06;0.993282;0.970321;
0.990953;1.94977e-06;0.993282;0.97032;
0.990953;1.94953e-06;0.993282;0.970319;
0.990953;1.94928e-06;0.993282;0.970318;
0.990952;1.94904e-06;0.993282;0.970317;
0.990952;1.94879e-06;0.993281;0.970316;
0.990951;1.94855e-06;0.993281;0.970315;
0.990951;1.9483e-06;0.993281;0.970314;
0.990951;1.94806e-06;0.993281;0.970313;
0.99095;1.94782e-06;0.993281;0.970312;
0.99095;1.94757e-06;0.993281;0.970311;
0.99095;1.94733e-06;0.993281;0.97031;
0.990949;1.94708e-06;0.993281;0.970309;
0.990949;1.94684e-06;0.993281;0.970308;
0.990948;1.9466e-06;0.993281;0.970307;
0.990948;1.94635e-06;0.993281;0.970306;
0.990948;1.94611e-06;0.993281;0.970305;
0.990947;1.94587e-06;0.993281;0.970304;
0.990947;1.94562e-06;0.993281;0.970303;
0.990946;1.94538e-06;0.993281;0.970303;
0.990946;1.94514e-06;0.99328;0.970302;
0.990946;1.94489e-06;0.99328;0.970301;
0.990945;1.94465e-06;0.99328;0.9703;
0.990945;1.94441e-06;0.99328;0.970299;
0.990945;1.94416e-06;0.99328;0.970298;
0.990944;1.94392e-06;0.99328;0.970297;
0.990944;1.94368e-06;0.99328;0.970296;
0.990943;1.94343e-06;0.99328;0.970295;
0.990943;1.94319e-06;0.99328;0.970294;
0.990943;1.94295e-06;0.99328;0.970293;
0.990942;1.94271e-06;0.99328;0.970292;
0.990942;1.94246e-06;0.99328;0.970291;
0.990942;1.94222e-06;0.99328;0.97029;
0.990941;1.94198e-06;0.99328;0.970289;
0.990941;1.94174e-06;0.99328;0.970288;
0.99094;1.94149e-06;0.993279;0.970287;
0.99094;1.94125e-06;0.993279;0.970286;
0.99094;1.94101e-06;0.993279;0.970285;
0.990939;1.94077e-06;0.993279;0.970284;
0.990939;1.94053e-06;0.993279;0.970283;
0.990938;1.94028e-06;0.993279;0.970282;
0.990938;1.94004e-06;0.993279;0.970281;
0.990938;1.9398e-06;0.993279;0.97028;
0.990937;1.93956e-06;0.993279;0.970279;
0.990937;1.93932e-06;0.993279;0.970278;
0.990937;1.93908e-06;0.993279;0.970277;
0.990936;1.93883e-06;0.993279;0.970276;
0.990936;1.93859e-06;0.993279;0.970275;
0.990935;1.93835e-06;0.993279;0.970274;
0.990935;1.93811e-06;0.993279;0.970273;
0.990935;1.93787e-06;0.993278;0.970272;
0.990934;1.93763e-06;0.993278;0.970271;
0.990934;1.93739e-06;0.993278;0.97027;
0.990934;1.93714e-06;0.993278;0.970269;
0.990933;1.9369e-06;0.993278;0.970268;
0.990933;1.93666e-06;0.993278;0.970267;
0.990932;1.93642e-06;0.993278;0.970266;
0.990932;1.93618e-06;0.993278;0.970266;
0.990932;1.93594e-06;0.993278;0.970265;
0.990931;1.9357e-06;0.993278;0.970264;
0.990931;1.93546e-06;0.993278;0.970263;
0.99093;1.93522e-06;0.993278;0.970262;
0.99093;1.93498e-06;0.993278;0.970261;
0.99093;1.93474e-06;0.993278;0.97026;
0.990929;1.9345e-06;0.993278;0.970259;
0.990929;1.93426e-06;0.993277;0.970258;
0.990929;1.93402e-06;0.993277;0.970257;
0.990928;1.93378e-06;0.993277;0.970256;
0.990928;1.93354e-06;0.993277;0.970255;
0.990927;1.93329e-06;0.993277;0.970254;
0.990927;1.93305e-06;0.993277;0.970253;
0.990927;1.93281e-06;0.993277;0.970252;
0.990926;1.93257e-06;0.993277;0.970251;
0.990926;1.93234e-06;0.993277;0.97025;
0.990925;1.9321e-06;0.993277;0.970249;
0.990925;1.93186e-06;0.993277;0.970248;
0.990925;1.93162e-06;0.993277;0.970247;
0.990924;1.93138e-06;0.993277;0.970246;
0.990924;1.93114e-06;0.993277;0.970245;
0.990924;1.9309e-06;0.993277;0.970244;
0.990923;1.93066e-06;0.993276;0.970243;
0.990923;1.93042e-06;0.993276;0.970242;
0.990922;1.93018e-06;0.993276;0.970241;
0.990922;1.92994e-06;0.993276;0.97024;
0.990922;1.9297e-06;0.993276;0.970239;
0.990921;1.92946e-06;0.993276;0.970238;
0.990921;1.92922e-06;0.993276;0.970237;
0.99092;1.92898e-06;0.993276;0.970236;
0.99092;1.92875e-06;0.993276;0.970235;
0.99092;1.92851e-06;0.993276;0.970234;
0.990919;1.92827e-06;0.993276;0.970233;
0.990919;1.92803e-06;0.993276;0.970232;
0.990919;1.92779e-06;0.993276;0.970231;
0.990918;1.92755e-06;0.993276;0.97023;
0.990918;1.92731e-06;0.993276;0.970229;
0.990917;1.92707e-06;0.993275;0.970228;
0.990917;1.92684e-06;0.993275;0.970227;
0.990917;1.9266e-06;0.993275;0.970227;
0.990916;1.92636e-06;0.993275;0.970226;
0.990916;1.92612e-06;0.993275;0.970225;
0.990915;1.92588e-06;0.993275;0.970224;
0.990915;1.92565e-06;0.993275;0.970223;
0.990915;1.92541e-06;0.993275;0.970222;
0.990914;1.92517e-06;0.993275;0.970221;
0.990914;1.92493e-06;0.993275;0.97022;
0.990914;1.92469e-06;0.993275;0.970219;
0.990913;1.92446e-06;0.993275;0.970218;
0.990913;1.92422e-06;0.993275;0.970217;
0.990912;1.92398e-06;0.993275;0.970216;
0.990912;1.92374e-06;0.993275;0.970215;
0.990912;1.92351e-06;0.993274;0.970214;
0.990911;1.92327e-06;0.993274;0.970213;
0.990911;1.92303e-06;0.993274;0.970212;
0.99091;1.92279e-06;0.993274;0.970211;
0.99091;1.92256e-06;0.993274;0.97021;
0.99091;1.92232e-06;0.993274;0.970209;
0.990909;1.92208e-06;0.993274;0.970208;
0.990909;1.92185e-06;0.993274;0.970207;
0.990909;1.92161e-06;0.993274;0.970206;
0.990908;1.92137e-06;0.993274;0.970205;
0.990908;1.92114e-06;0.993274;0.970204;
0.990907;1.9209e-06;0.993274;0.970203;
0.999994;0.00204647;0.999981;0.999937;
0.999917;0.00168341;0.999716;0.998271;
0.999085;0.0013218;0.996587;0.240277;
0.996343;0.00141639;0.986376;0.158996;
0.986161;0.00147081;0.951292;0.117044;
0.953587;0.00150614;0.860656;0.0952026;
0.880622;0.00159539;0.722261;0.0897183;
0.786509;0.00181264;0.604961;0.10111;
0.713704;0.00219739;0.535584;0.141468;
0.671613;0.00278507;0.498881;0.249655;
0.645933;0.0036073;0.476932;0.444677;
0.615961;0.00463651;0.454535;0.594732;
0.579324;0.00589417;0.430033;0.657898;
0.549385;0.00753405;0.410977;0.686751;
0.528341;0.00973567;0.397874;0.701388;
0.514093;0.0127314;0.389107;0.70816;
0.504612;0.016854;0.383339;0.709886;
0.498491;0.022589;0.379681;0.708068;
0.494813;0.030646;0.377541;0.703608;
0.492987;0.0420492;0.376491;0.697004;
0.492633;0.0582356;0.376173;0.688517;
0.493494;0.0811046;0.376222;0.678138;
0.495413;0.112898;0.376237;0.665671;
0.49829;0.155693;0.375799;0.650792;
0.502052;0.210368;0.374556;0.633217;
0.506635;0.275351;0.372405;0.613001;
0.511933;0.346186;0.369582;0.5907;
0.517813;0.416863;0.366595;0.567331;
0.524089;0.482173;0.363957;0.54402;
0.530542;0.53921;0.361968;0.521645;
0.536942;0.587327;0.360689;0.500692;
0.543086;0.62725;0.360023;0.481348;
0.548815;0.660235;0.359814;0.463613;
0.554027;0.687583;0.359906;0.447393;
0.558666;0.710439;0.360174;0.432561;
0.562719;0.729734;0.360522;0.418982;
0.566198;0.7462;0.360889;0.406534;
0.569134;0.760406;0.361231;0.395101;
0.571567;0.772789;0.361526;0.384588;
0.573536;0.783689;0.361759;0.374909;
0.575081;0.793372;0.361923;0.36599;
0.576239;0.802044;0.362015;0.357762;
0.577046;0.80987;0.362036;0.350168;
0.57753;0.81698;0.361988;0.343158;
0.577721;0.823483;0.361876;0.336693;
0.577637;0.82946;0.361702;0.330728;
0.577297;0.834984;0.361471;0.325237;
0.576715;0.840113;0.361188;0.320185;
0.575907;0.844896;0.360857;0.315556;
0.57488;0.849373;0.360486;0.311325;
0.573636;0.85358;0.360075;0.307471;
0.572185;0.857544;0.359636;0.303983;
0.57053;0.861293;0.359174;0.300848;
0.568666;0.864846;0.358694;0.29805;
0.566595;0.868222;0.358207;0.295588;
0.564308;0.871438;0.357718;0.293454;
0.561794;0.874508;0.357234;0.291642;
0.559048;0.877443;0.356769;0.290148;
0.556054;0.880254;0.356331;0.288973;
0.5528;0.882952;0.355936;0.288121;
0.549261;0.885544;0.355594;0.287584;
0.54542;0.888036;0.355323;0.287368;
0.541249;0.890437;0.355142;0.287483;
0.536718;0.892752;0.355071;0.287922;
0.531799;0.894985;0.355136;0.288687;
0.526458;0.897141;0.355369;0.289789;
0.520657;0.899224;0.355802;0.291217;
0.514358;0.901236;0.356473;0.292968;
0.507528;0.903183;0.357433;0.295041;
0.500119;0.905064;0.358725;0.297413;
0.492102;0.92696;0.517971;0.266424;
0.492057;0.926958;0.517934;0.266418;
0.492013;0.926956;0.517897;0.266413;
0.491968;0.926954;0.51786;0.266408;
0.491923;0.926952;0.517824;0.266402;
0.491879;0.92695;0.517787;0.266397;
0.491834;0.926948;0.51775;0.266391;
0.491789;0.926946;0.517713;0.266386;
0.491745;0.926943;0.517677;0.26638;
0.4917;0.926941;0.51764;0.266375;
0.491656;0.926939;0.517603;0.26637;
0.491611;0.926937;0.517567;0.266364;
0.491566;0.926935;0.51753;0.266359;
0.491522;0.926933;0.517493;0.266353;
0.491477;0.926931;0.517456;0.266348;
0.491433;0.926929;0.51742;0.266342;
0.491388;0.926926;0.517383;0.266337;
0.491343;0.926924;0.517346;0.266331;
0.491299;0.926922;0.517309;0.266326;
0.491254;0.92692;0.517273;0.266321;
0.49121;0.926918;0.517236;0.266315;
0.491165;0.926916;0.517199;0.26631;
0.49112;0.926914;0.517163;0.266304;
0.491076;0.926912;0.517126;0.266299;
0.491031;0.926909;0.517089;0.266293;
0.490987;0.926907;0.517052;0.266288;
0.490942;0.926905;0.517016;0.266283;
0.490897;0.926903;0.516979;0.266277;
0.490853;0.926901;0.516942;0.266272;
0.490808;0.926899;0.516905;0.266266;
0.490764;0.926897;0.516869;0.266261;
0.490719;0.926895;0.516832;0.266255;
0.490675;0.926892;0.516795;0.26625;
0.49063;0.92689;0.516759;0.266245;
0.490586;0.926888;0.516722;0.266239;
0.490541;0.926886;0.516686;0.266234;
0.490497;0.926884;0.516649;0.266228;
0.490453;0.926882;0.516612;0.266223;
0.490408;0.92688;0.516576;0.266217;
0.490364;0.926878;0.516539;0.266212;
0.49032;0.926875;0.516503;0.266207;
0.490275;0.926873;0.516466;0.266201;
0.490231;0.926871;0.51643;0.266196;
0.490186;0.926869;0.516393;0.26619;
0.490142;0.926867;0.516356;0.266185;
0.490098;0.926865;0.51632;0.26618;
0.490054;0.926863;0.516283;0.266176;
0.490009;0.92686;0.516247;0.266171;
0.489965;0.926858;0.51621;0.266166;
0.489921;0.926856;0.516174;0.266161;
0.489876;0.926854;0.516137;0.266156;
0.489832;0.926852;0.5161;0.266151;
0.489788;0.92685;0.516064;0.266146;
0.489743;0.926848;0.516027;0.266141;
0.489699;0.926846;0.515991;0.266136;
0.489655;0.926843;0.515954;0.266131;
0.489611;0.926841;0.515918;0.266126;
0.489566;0.926839;0.515881;0.266121;
0.489524;0.926837;0.515847;0.266117;
0.489483;0.926835;0.515813;0.266112;
0.489441;0.926833;0.515779;0.266108;
0.489399;0.926831;0.515745;0.266103;
0.489357;0.926829;0.515711;0.266099;
0.489316;0.926826;0.515677;0.266094;
0.489274;0.926824;0.515643;0.26609;
0.489232;0.926822;0.515609;0.266085;
0.489191;0.92682;0.515575;0.26608;
0.489149;0.926818;0.515541;0.266076;
0.489108;0.926816;0.515507;0.266071;
0.489066;0.926814;0.515473;0.266067;
0.489024;0.926812;0.515439;0.266062;
0.488983;0.926809;0.515405;0.266058;
0.488941;0.926807;0.515371;0.266053;
0.4889;0.926805;0.515337;0.266049;
0.488858;0.926803;0.515304;0.266044;
0.488816;0.926801;0.51527;0.266039;
0.488775;0.926799;0.515236;0.266035;
0.488733;0.926797;0.515202;0.26603;
0.488691;0.926794;0.515168;0.266026;
0.48865;0.926792;0.515134;0.266021;
0.488608;0.92679;0.5151;0.266017;
0.488567;0.926788;0.515066;0.266012;
0.488525;0.926786;0.515032;0.266008;
0.488483;0.926784;0.514998;0.266003;
0.488442;0.926782;0.514964;0.265999;
0.4884;0.92678;0.51493;0.265994;
0.488359;0.926777;0.514896;0.265989;
0.488317;0.926775;0.514862;0.265985;
0.488275;0.926773;0.514828;0.26598;
0.488234;0.926771;0.514795;0.265976;
0.488192;0.926769;0.514761;0.265971;
0.488151;0.926767;0.514727;0.265967;
0.488109;0.926765;0.514693;0.265962;
0.488067;0.926763;0.514659;0.265958;
0.488026;0.92676;0.514625;0.265953;
0.487984;0.926758;0.514591;0.265949;
0.487943;0.926756;0.514557;0.265944;
0.487902;0.926754;0.514524;0.26594;
0.48786;0.926752;0.51449;0.265935;
0.487819;0.92675;0.514456;0.26593;
0.487777;0.926748;0.514422;0.265926;
0.487736;0.926745;0.514388;0.265921;
0.487695;0.926743;0.514355;0.265917;
0.487653;0.926757;0.514465;0.265898;
0.487649;0.926757;0.514461;0.265896;
0.487644;0.926756;0.514457;0.265893;
0.487639;0.926755;0.514454;0.265891;
0.487635;0.926755;0.51445;0.265888;
0.48763;0.926754;0.514446;0.265886;
0.487625;0.926753;0.514442;0.265883;
0.487621;0.926752;0.514438;0.265881;
0.487616;0.926752;0.514434;0.265879;
0.487611;0.926751;0.51443;0.265876;
0.487607;0.92675;0.514426;0.265874;
0.487602;0.92675;0.514423;0.265871;
0.487597;0.926749;0.514419;0.265869;
0.487593;0.926748;0.514415;0.265866;
0.487588;0.926748;0.514411;0.265864;
0.487584;0.926747;0.514407;0.265861;
0.487579;0.926746;0.514403;0.265859;
0.487574;0.926746;0.514399;0.265856;
0.48757;0.926745;0.514395;0.265854;
0.487565;0.926744;0.514391;0.265852;
0.48756;0.926744;0.514388;0.265849;
0.487556;0.926743;0.514384;0.265847;
0.487551;0.926742;0.51438;0.265844;
0.487546;0.926742;0.514376;0.265842;
0.487542;0.926741;0.514372;0.265839;
0.487537;0.92674;0.514368;0.265837;
0.487532;0.92674;0.514364;0.265834;
0.487528;0.926739;0.51436;0.265832;
0.487518;0.926738;0.514353;0.265827;
0.487514;0.926737;0.514349;0.265824;
0.487509;0.926736;0.514345;0.265822;
0.487504;0.926736;0.514341;0.26582;
0.4875;0.926735;0.514337;0.265817;
0.487495;0.926734;0.514333;0.265815;
0.48749;0.926733;0.514329;0.265812;
0.487481;0.926732;0.514322;0.265807;
0.487476;0.926731;0.514318;0.265805;
0.487472;0.926731;0.514314;0.265802;
0.487467;0.92673;0.51431;0.2658;
0.487463;0.926729;0.514306;0.265797;
0.487458;0.926729;0.514302;0.265795;
0.487453;0.926728;0.514298;0.265793;
0.487449;0.926727;0.514295;0.26579;
0.487444;0.926727;0.514291;0.265788;
0.487439;0.926726;0.514287;0.265785;
0.487435;0.926725;0.514283;0.265783;
0.48743;0.926725;0.514279;0.26578;
0.487425;0.926724;0.514275;0.265778;
0.487421;0.926723;0.514271;0.265775;
0.487416;0.926723;0.514267;0.265773;
0.487411;0.926722;0.514263;0.26577;
0.487407;0.926721;0.51426;0.265768;
0.487402;0.926721;0.514256;0.265765;
0.487397;0.92672;0.514252;0.265763;
0.487393;0.926719;0.514248;0.265761;
0.487388;0.926719;0.514244;0.265758;
0.487383;0.926718;0.51424;0.265756;
0.487379;0.926717;0.514236;0.265753;
0.487374;0.926716;0.514232;0.265751;
0.487369;0.926716;0.514229;0.265748;
0.487365;0.926715;0.514225;0.265746;
0.48736;0.926714;0.514221;0.265743;
0.487355;0.926714;0.514217;0.265741;
0.487351;0.926713;0.514213;0.265738;
0.487346;0.926712;0.514209;0.265736;
0.487342;0.926712;0.514205;0.265734;
0.487337;0.926711;0.514201;0.265731;
0.487332;0.92671;0.514198;0.265729;
0.487328;0.92671;0.514194;0.265726;
0.487323;0.926709;0.51419;0.265724;
0.487318;0.926708;0.514186;0.265721;
0.487314;0.926708;0.514182;0.265719;
0.487309;0.926707;0.514178;0.265716;
0.487304;0.926706;0.514174;0.265714;
0.4873;0.926706;0.51417;0.265711;
0.487295;0.926705;0.514167;0.265709;
0.48729;0.926704;0.514163;0.265707;
0.487286;0.926704;0.514159;0.265704;
0.487276;0.926702;0.514151;0.265699;
0.487272;0.926702;0.514147;0.265697;
0.487267;0.926701;0.514143;0.265694;
0.487262;0.9267;0.514139;0.265692;
0.487258;0.9267;0.514136;0.265689;
0.487253;0.926699;0.514132;0.265687;
0.487248;0.926698;0.514128;0.265684;
0.487244;0.926697;0.514124;0.265682;
0.487239;0.926697;0.51412;0.265679;
0.487234;0.926696;0.514116;0.265677;
0.48723;0.926695;0.514112;0.265675;
0.487225;0.926695;0.514108;0.265672;
0.48722;0.926694;0.514104;0.26567;
0.487216;0.926693;0.514101;0.265667;
0.487207;0.926692;0.514093;0.265662;
0.487202;0.926691;0.514089;0.26566;
0.487197;0.926691;0.514085;0.265657;
0.487193;0.92669;0.514081;0.265655;
0.487188;0.926689;0.514077;0.265652;
0.487183;0.926689;0.514073;0.26565;
0.487179;0.926688;0.51407;0.265648;
0.487174;0.926687;0.514066;0.265645;
0.487169;0.926687;0.514062;0.265643;
0.487165;0.926686;0.514058;0.26564;
0.48716;0.926685;0.514054;0.265638;
0.487155;0.926685;0.51405;0.265635;
0.487151;0.926684;0.514046;0.265633;
0.487146;0.926683;0.514042;0.26563;
0.487141;0.926683;0.514039;0.265628;
0.487137;0.926682;0.514035;0.265625;
0.487132;0.926681;0.514031;0.265623;
0.487127;0.92668;0.514027;0.265621;
0.487123;0.92668;0.514023;0.265618;
0.487118;0.926679;0.514019;0.265616;
0.487113;0.926678;0.514015;0.265613;
0.487109;0.926678;0.514011;0.265611;
0.487104;0.926677;0.514008;0.265608;
0.487099;0.926676;0.514004;0.265606;
0.487095;0.926676;0.514;0.265603;
0.48709;0.926675;0.513996;0.265601;
0.487086;0.926674;0.513992;0.265598;
0.487081;0.926674;0.513988;0.265596;
0.487076;0.926673;0.513984;0.265594;
0.487072;0.926672;0.51398;0.265591;
0.487067;0.926672;0.513977;0.265589;
0.487062;0.926671;0.513973;0.265586;
0.487058;0.92667;0.513969;0.265584;
0.487053;0.92667;0.513965;0.265581;
0.487048;0.926669;0.513961;0.265579;
0.487044;0.926668;0.513957;0.265576;
0.487039;0.926668;0.513953;0.265574;
0.487034;0.926667;0.513949;0.265571;
0.48703;0.926666;0.513945;0.265569;
0.487025;0.926666;0.513942;0.265566;
0.48702;0.926665;0.513938;0.265564;
0.487006;0.926663;0.513926;0.265557;
0.487002;0.926662;0.513922;0.265554;
0.486997;0.926661;0.513918;0.265552;
0.486992;0.926661;0.513914;0.265549;
0.486988;0.92666;0.513911;0.265547;
0.486983;0.926659;0.513907;0.265544;
0.486978;0.926659;0.513903;0.265542;
0.486974;0.926658;0.513899;0.265539;
0.486969;0.926657;0.513895;0.265537;
0.486965;0.926657;0.513891;0.265535;
0.48696;0.926656;0.513887;0.265532;
0.486955;0.926655;0.513883;0.26553;
0.486951;0.926655;0.51388;0.265527;
0.486946;0.926654;0.513876;0.265525;
0.486941;0.926653;0.513872;0.265522;
0.486937;0.926653;0.513868;0.26552;
0.486932;0.926652;0.513864;0.265517;
0.486927;0.926651;0.51386;0.265515;
0.486923;0.926651;0.513856;0.265512;
0.486918;0.92665;0.513852;0.26551;
0.486913;0.926649;0.513849;0.265508;
0.486909;0.926649;0.513845;0.265505;
0.486904;0.926648;0.513841;0.265503;
0.486899;0.926647;0.513837;0.2655;
0.486895;0.926647;0.513833;0.265498;
0.48689;0.926646;0.513829;0.265495;
0.486885;0.926645;0.513825;0.265493;
0.486881;0.926644;0.513821;0.26549;
0.486876;0.926644;0.513818;0.265488;
0.486871;0.926643;0.513814;0.265485;
0.486867;0.926642;0.51381;0.265483;
0.486862;0.926642;0.513806;0.265481;
0.486857;0.926641;0.513802;0.265478;
0.486853;0.92664;0.513798;0.265476;
0.486848;0.92664;0.513794;0.265473;
0.486844;0.926639;0.51379;0.265471;
0.486839;0.926638;0.513786;0.265468;
0.486834;0.926638;0.513783;0.265466;
0.48683;0.926637;0.513779;0.265463;
0.486825;0.926636;0.513775;0.265461;
0.48682;0.926636;0.513771;0.265458;
0.486816;0.926635;0.513767;0.265456;
0.486811;0.926634;0.513763;0.265454;
0.486806;0.926634;0.513759;0.265451;
0.486802;0.926633;0.513755;0.265449;
0.486797;0.926632;0.513752;0.265446;
0.486792;0.926632;0.513748;0.265444;
0.486788;0.926631;0.513744;0.265441;
0.486783;0.92663;0.51374;0.265439;
0.486778;0.92663;0.513736;0.265436;
0.486774;0.926629;0.513732;0.265434;
0.486769;0.926628;0.513728;0.265431;
0.486764;0.926627;0.513724;0.265429;
0.48676;0.926627;0.513721;0.265427;
0.486755;0.926626;0.513717;0.265424;
0.48675;0.926625;0.513713;0.265422;
0.486746;0.926625;0.513709;0.265419;
0.486741;0.926624;0.513705;0.265417;
0.486736;0.926623;0.513701;0.265414;
0.486732;0.926623;0.513697;0.265412;
0.486727;0.926622;0.513693;0.265409;
0.486722;0.926621;0.51369;0.265407;
0.486718;0.926621;0.513686;0.265404;
0.486713;0.92662;0.513682;0.265402;
0.486709;0.926619;0.513678;0.2654;
0.486704;0.926619;0.513674;0.265397;
0.486699;0.926618;0.51367;0.265395;
0.486695;0.926617;0.513666;0.265392;
0.48669;0.926617;0.513662;0.26539;
0.486685;0.926616;0.513658;0.265387;
0.486681;0.926615;0.513655;0.265385;
0.486676;0.926615;0.513651;0.265382;
0.486671;0.926614;0.513647;0.26538;
0.486667;0.926613;0.513643;0.265377;
0.486662;0.926613;0.513639;0.265375;
0.486657;0.926612;0.513635;0.265373;
0.486653;0.926611;0.513631;0.26537;
0.486648;0.92661;0.513627;0.265368;
0.486643;0.92661;0.513624;0.265365;
0.486639;0.926609;0.51362;0.265363;
0.486629;0.926608;0.513612;0.265358;
0.486625;0.926607;0.513608;0.265355;
0.48662;0.926606;0.513604;0.265353;
0.486615;0.926606;0.5136;0.26535;
0.486611;0.926605;0.513596;0.265348;
0.486606;0.926604;0.513593;0.265346;
0.486601;0.926604;0.513589;0.265343;
0.486597;0.926603;0.513585;0.265341;
0.486592;0.926602;0.513581;0.265338;
0.486588;0.926602;0.513577;0.265336;
0.486583;0.926601;0.513573;0.265333;
0.486578;0.9266;0.513569;0.265331;
0.486574;0.9266;0.513565;0.265328;
0.486569;0.926599;0.513562;0.265326;
0.486564;0.926598;0.513558;0.265323;
0.48656;0.926598;0.513554;0.265321;
0.486555;0.926597;0.51355;0.265319;
0.48655;0.926596;0.513546;0.265316;
0.486546;0.926596;0.513542;0.265314;
0.486541;0.926595;0.513538;0.265311;
0.486536;0.926594;0.513534;0.265309;
0.486532;0.926593;0.513531;0.265306;
0.486527;0.926593;0.513527;0.265304;
0.486522;0.926592;0.513523;0.265301;
0.486518;0.926591;0.513519;0.265299;
0.486513;0.926591;0.513515;0.265296;
0.486508;0.92659;0.513511;0.265294;
0.486504;0.926589;0.513507;0.265292;
0.486499;0.926589;0.513503;0.265289;
0.486494;0.926588;0.513499;0.265287;
0.48649;0.926587;0.513496;0.265284;
0.486485;0.926587;0.513492;0.265282;
0.486476;0.926585;0.513484;0.265277;
0.486471;0.926585;0.51348;0.265274;
0.486467;0.926584;0.513476;0.265272;
0.486462;0.926583;0.513472;0.265269;
0.486457;0.926583;0.513468;0.265267;
0.486453;0.926582;0.513465;0.265265;
0.486448;0.926581;0.513461;0.265262;
0.486443;0.926581;0.513457;0.26526;
0.486439;0.92658;0.513453;0.265257;
0.486434;0.926579;0.513449;0.265255;
0.486429;0.926579;0.513445;0.265252;
0.486425;0.926578;0.513441;0.26525;
0.48642;0.926577;0.513437;0.265247;
0.48642;0.926577;0.513437;0.265247;
0.486415;0.926576;0.513434;0.265245;
0.486411;0.926576;0.51343;0.265242;
0.486406;0.926575;0.513426;0.26524;
0.486401;0.926574;0.513422;0.265238;
0.486397;0.926574;0.513418;0.265235;
0.486392;0.926573;0.513414;0.265233;
0.486387;0.926572;0.51341;0.26523;
0.486383;0.926572;0.513406;0.265228;
0.486378;0.926571;0.513403;0.265225;
0.486373;0.92657;0.513399;0.265223;
0.486369;0.92657;0.513395;0.26522;
0.486364;0.926569;0.513391;0.265218;
0.486359;0.926568;0.513387;0.265215;
0.486355;0.926568;0.513383;0.265213;
0.48635;0.926567;0.513379;0.265211;
0.486346;0.926566;0.513375;0.265208;
0.486341;0.926566;0.513371;0.265206;
0.486336;0.926565;0.513368;0.265203;
0.486332;0.926564;0.513364;0.265201;
0.486327;0.926564;0.51336;0.265198;
0.486322;0.926563;0.513356;0.265196;
0.486318;0.926562;0.513352;0.265193;
0.486313;0.926562;0.513348;0.265191;
0.486308;0.926561;0.513344;0.265188;
0.486304;0.92656;0.51334;0.265186;
0.486299;0.926559;0.513337;0.265184;
0.486294;0.926559;0.513333;0.265181;
0.48629;0.926558;0.513329;0.265179;
0.486285;0.926557;0.513325;0.265176;
0.48628;0.926557;0.513321;0.265174;
0.486276;0.926556;0.513317;0.265171;
0.486271;0.926555;0.513313;0.265169;
0.486266;0.926555;0.513309;0.265166;
0.486262;0.926554;0.513306;0.265164;
0.486257;0.926553;0.513302;0.265161;
0.486252;0.926553;0.513298;0.265159;
0.486248;0.926552;0.513294;0.265157;
0.486243;0.926551;0.51329;0.265154;
0.486238;0.926551;0.513286;0.265152;
0.486234;0.92655;0.513282;0.265149;
0.486229;0.926549;0.513278;0.265147;
0.486225;0.926549;0.513275;0.265144;
0.48622;0.926548;0.513271;0.265142;
0.486215;0.926547;0.513267;0.265139;
0.486211;0.926547;0.513263;0.265137;
0.486206;0.926546;0.513259;0.265135;
0.486201;0.926545;0.513255;0.265132;
0.486197;0.926544;0.513251;0.26513;
0.486192;0.926544;0.513247;0.265127;
0.486187;0.926543;0.513243;0.265125;
0.486183;0.926542;0.51324;0.265122;
0.486178;0.926542;0.513236;0.26512;
0.486173;0.926541;0.513232;0.265117;
0.486169;0.92654;0.513228;0.265115;
0.486164;0.92654;0.513224;0.265112;
0.486159;0.926539;0.51322;0.26511;
0.486155;0.926538;0.513216;0.265108;
0.48615;0.926538;0.513212;0.265105;
0.486145;0.926537;0.513209;0.265103;
0.486141;0.926536;0.513205;0.2651;
0.486136;0.926536;0.513201;0.265098;
0.486131;0.926535;0.513197;0.265095;
0.486127;0.926534;0.513193;0.265093;
0.486122;0.926534;0.513189;0.26509;
0.486117;0.926533;0.513185;0.265088;
0.486113;0.926532;0.513181;0.265085;
0.486108;0.926532;0.513178;0.265083;
0.486104;0.926531;0.513174;0.265081;
0.486099;0.92653;0.51317;0.265078;
0.486094;0.92653;0.513166;0.265076;
0.48609;0.926529;0.513162;0.265073;
0.486085;0.926528;0.513158;0.265071;
0.48608;0.926527;0.513154;0.265068;
0.486076;0.926527;0.51315;0.265066;
0.486071;0.926526;0.513147;0.265063;
0.486066;0.926525;0.513143;0.265061;
0.486062;0.926525;0.513139;0.265058;
0.486057;0.926524;0.513135;0.265056;
0.486052;0.926523;0.513131;0.265054;
0.486048;0.926523;0.513127;0.265051;
0.486043;0.926522;0.513123;0.265049;
0.486038;0.926521;0.513119;0.265046;
0.486034;0.926521;0.513116;0.265044;
0.486029;0.92652;0.513112;0.265041;
0.486029;0.92652;0.513112;0.265041;
0.486024;0.926519;0.513108;0.265039;
0.48602;0.926519;0.513104;0.265036;
0.486015;0.926518;0.5131;0.265034;
0.48601;0.926517;0.513096;0.265031;
0.486006;0.926517;0.513092;0.265029;
0.486001;0.926516;0.513088;0.265027;
0.485996;0.926515;0.513084;0.265024;
0.485992;0.926515;0.513081;0.265022;
0.485987;0.926514;0.513077;0.265019;
0.485983;0.926513;0.513073;0.265017;
0.485978;0.926512;0.513069;0.265014;
0.485973;0.926512;0.513065;0.265012;
0.485969;0.926511;0.513061;0.265009;
0.485964;0.92651;0.513057;0.265007;
0.485959;0.92651;0.513053;0.265005;
0.485955;0.926509;0.51305;0.265002;
0.48595;0.926508;0.513046;0.265;
0.485945;0.926508;0.513042;0.264997;
0.485941;0.926507;0.513038;0.264995;
0.485936;0.926506;0.513034;0.264992;
0.485931;0.926506;0.51303;0.26499;
0.485927;0.926505;0.513026;0.264987;
0.485922;0.926504;0.513022;0.264985;
0.485917;0.926504;0.513019;0.264982;
0.485913;0.926503;0.513015;0.26498;
0.485908;0.926502;0.513011;0.264978;
0.485903;0.926502;0.513007;0.264975;
0.485899;0.926501;0.513003;0.264973;
0.485894;0.9265;0.512999;0.26497;
0.485889;0.9265;0.512995;0.264968;
0.485885;0.926499;0.512991;0.264965;
0.48588;0.926498;0.512988;0.264963;
0.485875;0.926498;0.512984;0.26496;
0.485871;0.926497;0.51298;0.264958;
0.485866;0.926496;0.512976;0.264955;
0.485862;0.926495;0.512972;0.264953;
0.485857;0.926495;0.512968;0.264951;
0.485852;0.926494;0.512964;0.264948;
0.485848;0.926493;0.51296;0.264946;
0.485843;0.926493;0.512956;0.264943;
0.485838;0.926492;0.512953;0.264941;
0.485834;0.926491;0.512949;0.264938;
0.485829;0.926491;0.512945;0.264936;
0.485824;0.92649;0.512941;0.264933;
